celebrity_name,season,week,weekly_avg_score,weekly_total_score,num_judges,was_eliminated,weekly_rank_by_avg,weekly_rank_by_total,weekly_score_percentage,results,placement,has_tie,predicted_fan_votes
Evander Holyfield,1,1.0,6.0,18.0,3,False,4.0,4.0,16.51376146788991,Eliminated Week 3,5,True,127610.37092237407
Joey McIntyre,1,1.0,6.666666666666667,20.0,3,False,1.0,1.0,18.34862385321101,3rd Place,3,True,228042.4160129246
John O'Hurley,1,1.0,6.666666666666667,20.0,3,False,1.0,1.0,18.34862385321101,2nd Place,2,True,228042.69600400183
Kelly Monaco,1,1.0,4.333333333333333,13.0,3,False,6.0,6.0,11.926605504587156,1st Place,1,True,60650.99206113077
Rachel Hunter,1,1.0,6.666666666666667,20.0,3,False,1.0,1.0,18.34862385321101,Eliminated Week 4,4,True,228042.81295537075
Trista Sutter,1,1.0,6.0,18.0,3,False,4.0,4.0,16.51376146788991,Eliminated Week 2,6,True,127610.71204419788
Evander Holyfield,1,2.0,4.666666666666667,14.0,3,False,6.0,6.0,11.570247933884298,Eliminated Week 3,5,False,60734.82410123113
Joey McIntyre,1,2.0,7.0,21.0,3,False,3.0,3.0,17.355371900826448,3rd Place,3,False,189063.04614416996
John O'Hurley,1,2.0,8.666666666666666,26.0,3,False,1.0,1.0,21.487603305785125,2nd Place,2,False,266848.1707133944
Kelly Monaco,1,2.0,5.666666666666667,17.0,3,False,5.0,5.0,14.049586776859504,1st Place,1,False,106375.61956643945
Rachel Hunter,1,2.0,8.0,24.0,3,False,2.0,2.0,19.83471074380165,Eliminated Week 4,4,False,228357.5468398758
Trista Sutter,1,2.0,6.333333333333333,19.0,3,False,4.0,4.0,15.702479338842975,Eliminated Week 2,6,False,148620.79263488928
Evander Holyfield,1,3.0,4.333333333333333,13.0,3,False,5.0,5.0,12.264150943396226,Eliminated Week 3,5,False,82840.48954226525
Joey McIntyre,1,3.0,7.333333333333333,22.0,3,False,3.0,3.0,20.75471698113208,3rd Place,3,False,202715.61022619947
John O'Hurley,1,3.0,8.0,24.0,3,False,2.0,2.0,22.641509433962263,2nd Place,2,False,257877.0325814455
Kelly Monaco,1,3.0,7.0,21.0,3,False,4.0,4.0,19.81132075471698,1st Place,1,False,145093.23493622796
Rachel Hunter,1,3.0,8.666666666666666,26.0,3,False,1.0,1.0,24.52830188679245,Eliminated Week 4,4,False,311473.63271386176
Joey McIntyre,1,4.0,6.666666666666667,20.0,3,False,4.0,4.0,21.73913043478261,3rd Place,3,False,120315.79208282087
John O'Hurley,1,4.0,7.0,21.0,3,False,3.0,3.0,22.82608695652174,2nd Place,2,False,210730.54429290068
Kelly Monaco,1,4.0,8.666666666666666,26.0,3,False,1.0,1.0,28.26086956521739,1st Place,1,False,374533.9193778158
Rachel Hunter,1,4.0,8.333333333333334,25.0,3,False,2.0,2.0,27.17391304347825,Eliminated Week 4,4,False,294419.7442464626
Joey McIntyre,1,5.0,7.5,22.5,3,False,3.0,3.0,30.82191780821918,3rd Place,3,False,192362.44191067785
John O'Hurley,1,5.0,9.0,27.0,3,False,1.0,1.0,36.98630136986301,2nd Place,2,False,470720.7087557176
Kelly Monaco,1,5.0,7.833333333333333,23.5,3,False,2.0,2.0,32.19178082191781,1st Place,1,False,336916.8493336046
John O'Hurley,1,6.0,9.0,27.0,3,False,2.0,2.0,49.54128440366973,2nd Place,2,False,363441.3516063275
Kelly Monaco,1,6.0,9.166666666666666,27.5,3,False,1.0,1.0,50.45871559633027,1st Place,1,False,636558.6483936723
Drew Lachey,2,1.0,8.0,24.0,3,False,1.0,1.0,12.307692307692308,1st Place,1,True,170320.08057761702
George Hamilton,2,1.0,6.0,18.0,3,False,8.0,8.0,9.230769230769232,Eliminated Week 6,5,True,60856.71468054394
Giselle Fernandez,2,1.0,7.666666666666667,23.0,3,False,2.0,2.0,11.794871794871794,Eliminated Week 3,8,True,147709.88197955507
Jerry Rice,2,1.0,7.0,21.0,3,False,5.0,5.0,10.76923076923077,2nd Place,2,True,109268.2536762018
Kenny Mayne,2,1.0,4.333333333333333,13.0,3,False,9.0,9.0,6.666666666666667,Eliminated Week 1,10,True,43558.034611905954
Lisa Rinna,2,1.0,6.333333333333333,19.0,3,False,7.0,7.0,9.743589743589745,Eliminated Week 7,4,True,77417.04075990267
Master P,2,1.0,4.0,12.0,3,False,10.0,10.0,6.153846153846154,Eliminated Week 4,7,True,24869.488964908214
Stacy Keibler,2,1.0,7.333333333333333,22.0,3,False,4.0,4.0,11.282051282051285,3rd Place,3,True,124783.60449969867
Tatum O'Neal,2,1.0,7.666666666666667,23.0,3,False,2.0,2.0,11.794871794871794,Eliminated Week 2,9,True,147709.7045656645
Tia Carrere,2,1.0,6.666666666666667,20.0,3,False,6.0,6.0,10.256410256410255,Eliminated Week 5,6,True,93507.19568400216
Drew Lachey,2,2.0,9.0,27.0,3,False,2.0,2.0,13.5,1st Place,1,True,168856.50306848474
George Hamilton,2,2.0,7.333333333333333,22.0,3,False,5.0,5.0,11.0,Eliminated Week 6,5,True,103056.28390262574
Giselle Fernandez,2,2.0,8.0,24.0,3,False,3.0,3.0,12.0,Eliminated Week 3,8,True,150388.47407848964
Jerry Rice,2,2.0,7.666666666666667,23.0,3,False,4.0,4.0,11.5,2nd Place,2,True,131689.67145650258
Lisa Rinna,2,2.0,6.666666666666667,20.0,3,False,7.0,7.0,10.0,Eliminated Week 7,4,True,73344.61747021742
Master P,2,2.0,5.333333333333333,16.0,3,False,9.0,9.0,8.0,Eliminated Week 4,7,True,29972.551790781363
Stacy Keibler,2,2.0,9.666666666666666,29.0,3,False,1.0,1.0,14.499999999999998,3rd Place,3,True,187139.3831965134
Tatum O'Neal,2,2.0,5.666666666666667,17.0,3,False,8.0,8.0,8.5,Eliminated Week 2,9,True,52496.14359828684
Tia Carrere,2,2.0,7.333333333333333,22.0,3,False,5.0,5.0,11.0,Eliminated Week 5,6,True,103056.3714380984
Drew Lachey,2,3.0,9.0,27.0,3,False,1.0,1.0,14.835164835164836,1st Place,1,True,196377.0317145972
George Hamilton,2,3.0,7.333333333333333,22.0,3,False,5.0,5.0,12.087912087912088,Eliminated Week 6,5,True,102598.43243992567
Giselle Fernandez,2,3.0,7.333333333333333,22.0,3,False,5.0,5.0,12.087912087912088,Eliminated Week 3,8,True,102598.21906958034
Jerry Rice,2,3.0,6.333333333333333,19.0,3,False,7.0,7.0,10.43956043956044,2nd Place,2,True,64573.42728874533
Lisa Rinna,2,3.0,8.333333333333334,25.0,3,False,4.0,4.0,13.736263736263735,Eliminated Week 7,4,True,138621.14599745994
Master P,2,3.0,4.666666666666667,14.0,3,False,8.0,8.0,7.6923076923076925,Eliminated Week 4,7,True,36868.25212358946
Stacy Keibler,2,3.0,9.0,27.0,3,False,1.0,1.0,14.835164835164836,3rd Place,3,True,196377.16671510684
Tia Carrere,2,3.0,8.666666666666666,26.0,3,False,3.0,3.0,14.285714285714285,Eliminated Week 5,6,True,161986.3246509952
Drew Lachey,2,4.0,9.333333333333334,28.0,3,False,1.0,1.0,17.72151898734177,1st Place,1,True,233532.53900883428
George Hamilton,2,4.0,7.0,21.0,3,False,6.0,6.0,13.291139240506327,Eliminated Week 6,5,True,81519.37891393264
Jerry Rice,2,4.0,8.0,24.0,3,False,5.0,5.0,15.18987341772152,2nd Place,2,True,113893.89922897903
Lisa Rinna,2,4.0,8.666666666666666,26.0,3,False,2.0,2.0,16.455696202531644,Eliminated Week 7,4,True,189812.6188950742
Master P,2,4.0,2.6666666666666665,8.0,3,False,7.0,7.0,5.063291139240507,Eliminated Week 4,7,True,46543.20487614903
Stacy Keibler,2,4.0,8.666666666666666,26.0,3,False,2.0,2.0,16.455696202531644,3rd Place,3,True,189812.8820433116
Tia Carrere,2,4.0,8.333333333333334,25.0,3,False,4.0,4.0,15.822784810126585,Eliminated Week 5,6,True,144885.47703371913
Drew Lachey,2,5.0,9.0,27.0,3,False,2.0,2.0,17.880794701986755,1st Place,1,False,228358.31417153505
George Hamilton,2,5.0,8.0,24.0,3,False,4.0,4.0,15.89403973509934,Eliminated Week 6,5,False,148619.76081355556
Jerry Rice,2,5.0,7.666666666666667,23.0,3,False,5.0,5.0,15.2317880794702,2nd Place,2,False,106375.87378478992
Lisa Rinna,2,5.0,8.333333333333334,25.0,3,False,3.0,3.0,16.55629139072848,Eliminated Week 7,4,False,189062.8715640169
Stacy Keibler,2,5.0,10.0,30.0,3,False,1.0,1.0,19.86754966887417,3rd Place,3,False,266848.3789126584
Tia Carrere,2,5.0,7.333333333333333,22.0,3,False,6.0,6.0,14.56953642384106,Eliminated Week 5,6,False,60734.80075344421
Drew Lachey,2,6.0,10.0,30.0,3,False,1.0,1.0,22.55639097744361,1st Place,1,True,284274.9907538132
George Hamilton,2,6.0,7.666666666666667,23.0,3,False,4.0,4.0,17.293233082706767,Eliminated Week 6,5,True,114567.9769994615
Jerry Rice,2,6.0,7.666666666666667,23.0,3,False,4.0,4.0,17.293233082706767,2nd Place,2,True,114566.6843404294
Lisa Rinna,2,6.0,9.0,27.0,3,False,3.0,3.0,20.30075187969925,Eliminated Week 7,4,True,202315.73156325653
Stacy Keibler,2,6.0,10.0,30.0,3,False,1.0,1.0,22.55639097744361,3rd Place,3,True,284274.6163430394
Drew Lachey,2,7.0,9.166666666666666,27.5,3,False,1.0,1.0,26.96078431372549,1st Place,1,True,334590.35409387643
Jerry Rice,2,7.0,6.833333333333333,20.5,3,False,4.0,4.0,20.09803921568628,2nd Place,2,True,120233.7134642772
Lisa Rinna,2,7.0,8.833333333333334,26.5,3,False,3.0,3.0,25.98039215686275,Eliminated Week 7,4,True,210586.19762878589
Stacy Keibler,2,7.0,9.166666666666666,27.5,3,False,1.0,1.0,26.96078431372549,3rd Place,3,True,334589.73481306044
Drew Lachey,2,8.0,9.6666,28.9998,3,False,1.0,1.0,34.38729131809769,1st Place,1,False,470720.16330482654
Jerry Rice,2,8.0,8.888866666666667,26.666600000000003,3,False,3.0,3.0,31.620636785880723,2nd Place,2,False,192362.30600284488
Stacy Keibler,2,8.0,9.5555,28.6665,3,False,2.0,2.0,33.9920718960216,3rd Place,3,False,336917.5306923288
Ally Brooke,28,1.0,5.333333333333333,16.0,3,False,7.0,7.0,8.121827411167512,3rd Place,3,True,73198.90815510151
Hannah Brown,28,1.0,6.666666666666667,20.0,3,False,2.0,2.0,10.152284263959393,1st Place,1,True,133703.06808373836
James Van Der Beek,28,1.0,7.0,21.0,3,False,1.0,1.0,10.65989847715736,Eliminated Week 10,5,True,144416.4160895476
Karamo Brown,28,1.0,5.666666666666667,17.0,3,False,5.0,5.0,8.629441624365482,Eliminated Week 7,8,True,95604.20105057214
Kate Flannery,28,1.0,5.0,15.0,3,False,9.0,9.0,7.614213197969544,Eliminated Week 8,7,True,49948.921507954925
Kel Mitchell,28,1.0,5.333333333333333,16.0,3,False,7.0,7.0,8.121827411167512,2nd Place,2,True,73198.88304428583
Lamar Odom,28,1.0,3.6666666666666665,11.0,3,False,12.0,12.0,5.583756345177665,Eliminated Week 4,10,True,17948.827777034523
Lauren Alaina,28,1.0,6.333333333333333,19.0,3,False,3.0,3.0,9.64467005076142,4th Place,4,True,122923.7217314363
Mary Wilson,28,1.0,5.666666666666667,17.0,3,False,5.0,5.0,8.629441624365482,Eliminated Week 2,12,True,95604.18823900125
Ray Lewis,28,1.0,5.0,15.0,3,False,9.0,9.0,7.614213197969544,Withdrew,11,True,49948.92937135573
Sailor Brinkley-Cook,28,1.0,6.0,18.0,3,False,4.0,4.0,9.137055837563452,Eliminated Week 6,9,True,112067.00497803344
Sean Spicer,28,1.0,4.0,12.0,3,False,11.0,11.0,6.091370558375635,Eliminated Week 9,6,True,31436.92997193839
Ally Brooke,28,2.0,6.666666666666667,20.0,3,False,3.0,3.0,9.1324200913242,3rd Place,3,True,112053.82841097248
Hannah Brown,28,2.0,8.0,24.0,3,False,1.0,1.0,10.95890410958904,1st Place,1,True,144399.45257567344
James Van Der Beek,28,2.0,6.666666666666667,20.0,3,False,3.0,3.0,9.1324200913242,Eliminated Week 10,5,True,112053.94423563432
Karamo Brown,28,2.0,6.333333333333333,19.0,3,False,6.0,6.0,8.67579908675799,Eliminated Week 7,8,True,84469.5317240742
Kate Flannery,28,2.0,7.0,21.0,3,False,2.0,2.0,9.58904109589041,Eliminated Week 8,7,True,133687.40413569895
Kel Mitchell,28,2.0,6.666666666666667,20.0,3,False,3.0,3.0,9.1324200913242,2nd Place,2,True,112053.7686747989
Lamar Odom,28,2.0,4.0,12.0,3,False,12.0,12.0,5.47945205479452,Eliminated Week 4,10,True,17946.733877894938
Lauren Alaina,28,2.0,6.333333333333333,19.0,3,False,6.0,6.0,8.67579908675799,4th Place,4,True,84469.46778380538
Mary Wilson,28,2.0,5.0,15.0,3,False,10.0,10.0,6.849315068493151,Eliminated Week 2,12,True,37760.33705656914
Ray Lewis,28,2.0,5.0,15.0,3,False,10.0,10.0,6.849315068493151,Withdrew,11,True,37760.27945539361
Sailor Brinkley-Cook,28,2.0,6.0,18.0,3,False,8.0,8.0,8.21917808219178,Eliminated Week 6,9,True,67478.2588401502
Sean Spicer,28,2.0,5.333333333333333,16.0,3,False,9.0,9.0,7.30593607305936,Eliminated Week 9,6,True,55866.99322933448
Ally Brooke,28,3.0,8.0,24.0,3,False,1.0,1.0,12.12121212121212,3rd Place,3,True,162791.44758098802
Hannah Brown,28,3.0,7.0,21.0,3,False,5.0,5.0,10.606060606060606,1st Place,1,True,109253.70166191472
James Van Der Beek,28,3.0,7.666666666666667,23.0,3,False,3.0,3.0,11.616161616161616,Eliminated Week 10,5,True,132449.1747743385
Karamo Brown,28,3.0,5.333333333333333,16.0,3,False,8.0,8.0,8.080808080808081,Eliminated Week 7,8,True,60848.7248992445
Kate Flannery,28,3.0,8.0,24.0,3,False,1.0,1.0,12.12121212121212,Eliminated Week 8,7,True,162791.39691966973
Kel Mitchell,28,3.0,6.666666666666667,20.0,3,False,6.0,6.0,10.1010101010101,2nd Place,2,True,85498.7703258207
Lamar Odom,28,3.0,4.0,12.0,3,False,10.0,10.0,6.0606060606060606,Eliminated Week 4,10,True,24866.30395312266
Lauren Alaina,28,3.0,6.666666666666667,20.0,3,False,6.0,6.0,10.1010101010101,4th Place,4,True,85498.80603913472
Sailor Brinkley-Cook,28,3.0,7.666666666666667,23.0,3,False,3.0,3.0,11.616161616161616,Eliminated Week 6,9,True,132449.22997317277
Sean Spicer,28,3.0,5.0,15.0,3,False,9.0,9.0,7.575757575757576,Eliminated Week 9,6,True,43552.443872593634
Ally Brooke,28,4.0,8.0,32.0,4,False,1.0,1.0,11.347517730496454,3rd Place,3,True,147649.07980610954
Hannah Brown,28,4.0,8.0,32.0,4,False,1.0,1.0,11.347517730496454,1st Place,1,True,147648.9317419991
James Van Der Beek,28,4.0,7.0,28.0,4,False,6.0,6.0,9.929078014184398,Eliminated Week 10,5,True,85474.87051801714
Karamo Brown,28,4.0,7.0,28.0,4,False,6.0,6.0,9.929078014184398,Eliminated Week 7,8,True,85474.90099440077
Kate Flannery,28,4.0,6.5,26.0,4,False,8.0,8.0,9.219858156028367,Eliminated Week 8,7,True,60831.78131387325
Kel Mitchell,28,4.0,8.0,32.0,4,False,1.0,1.0,11.347517730496454,2nd Place,2,True,147648.91877158856
Lamar Odom,28,4.0,5.0,20.0,4,False,10.0,10.0,7.092198581560284,Eliminated Week 4,10,True,24859.22152376723
Lauren Alaina,28,4.0,8.0,32.0,4,False,1.0,1.0,11.347517730496454,4th Place,4,True,147648.9404028817
Sailor Brinkley-Cook,28,4.0,7.75,31.0,4,False,5.0,5.0,10.99290780141844,Eliminated Week 6,9,True,109223.15466678028
Sean Spicer,28,4.0,5.25,21.0,4,False,9.0,9.0,7.446808510638298,Eliminated Week 9,6,True,43540.20026058238
Ally Brooke,28,5.0,9.0,27.0,3,False,1.0,1.0,12.558139534883722,3rd Place,3,True,187129.6487496187
Hannah Brown,28,5.0,8.333333333333334,25.0,3,False,4.0,4.0,11.627906976744184,1st Place,1,True,131682.74902030535
James Van Der Beek,28,5.0,8.666666666666666,26.0,3,False,2.0,2.0,12.093023255813954,Eliminated Week 10,5,True,159640.09696353725
Karamo Brown,28,5.0,7.0,21.0,3,False,8.0,8.0,9.767441860465116,Eliminated Week 7,8,True,52493.158895853485
Kate Flannery,28,5.0,8.0,24.0,3,False,5.0,5.0,11.16279069767442,Eliminated Week 8,7,True,103051.13984955354
Kel Mitchell,28,5.0,8.666666666666666,26.0,3,False,2.0,2.0,12.093023255813954,2nd Place,2,True,159640.48190949156
Lauren Alaina,28,5.0,7.666666666666667,23.0,3,False,7.0,7.0,10.69767441860465,4th Place,4,True,73340.69929543097
Sailor Brinkley-Cook,28,5.0,8.0,24.0,3,False,5.0,5.0,11.16279069767442,Eliminated Week 6,9,True,103051.04134787054
Sean Spicer,28,5.0,6.333333333333333,19.0,3,False,9.0,9.0,8.837209302325581,Eliminated Week 9,6,True,29970.98396833866
Ally Brooke,28,6.0,8.333333333333334,25.0,3,False,6.0,6.0,10.964912280701752,3rd Place,3,True,83381.86707887964
Hannah Brown,28,6.0,8.0,24.0,3,False,8.0,8.0,10.526315789473683,1st Place,1,True,52479.155345749416
James Van Der Beek,28,6.0,9.0,27.0,3,False,1.0,1.0,11.842105263157894,Eliminated Week 10,5,True,168802.04106731457
Karamo Brown,28,6.0,8.333333333333334,25.0,3,False,6.0,6.0,10.964912280701752,Eliminated Week 7,8,True,83382.05779327574
Kate Flannery,28,6.0,9.0,27.0,3,False,1.0,1.0,11.842105263157894,Eliminated Week 8,7,True,168801.6828962973
Kel Mitchell,28,6.0,8.666666666666666,26.0,3,False,4.0,4.0,11.403508771929824,2nd Place,2,True,122194.23701194071
Lauren Alaina,28,6.0,8.666666666666666,26.0,3,False,4.0,4.0,11.403508771929824,4th Place,4,True,122194.26397495063
Sailor Brinkley-Cook,28,6.0,9.0,27.0,3,False,1.0,1.0,11.842105263157894,Eliminated Week 6,9,True,168801.8712011525
Sean Spicer,28,6.0,7.0,21.0,3,False,9.0,9.0,9.210526315789473,Eliminated Week 9,6,True,29962.82363043948
Ally Brooke,28,7.0,9.0,27.0,3,False,1.0,1.0,13.366336633663368,3rd Place,3,True,184985.3421983864
Hannah Brown,28,7.0,8.666666666666666,26.0,3,False,4.0,4.0,12.871287128712872,1st Place,1,True,138619.5267843307
James Van Der Beek,28,7.0,9.0,27.0,3,False,1.0,1.0,13.366336633663368,Eliminated Week 10,5,True,184985.24515355885
Karamo Brown,28,7.0,8.166666666666666,24.5,3,False,6.0,6.0,12.128712871287128,Eliminated Week 7,8,True,90217.26478925956
Kate Flannery,28,7.0,8.0,24.0,3,False,7.0,7.0,11.88118811881188,Eliminated Week 8,7,True,64572.912988608274
Kel Mitchell,28,7.0,8.5,25.5,3,False,5.0,5.0,12.623762376237623,2nd Place,2,True,114766.57396332748
Lauren Alaina,28,7.0,9.0,27.0,3,False,1.0,1.0,13.366336633663368,4th Place,4,True,184985.4211429821
Sean Spicer,28,7.0,7.0,21.0,3,False,8.0,8.0,10.396039603960396,Eliminated Week 9,6,True,36867.71297954665
Ally Brooke,28,8.0,10.0,30.0,3,False,3.0,3.0,15.544105882304176,3rd Place,3,False,175021.795297893
Hannah Brown,28,8.0,10.333266666666669,30.9998,3,False,2.0,2.0,16.062139117675102,1st Place,1,False,204521.9782109483
James Van Der Beek,28,8.0,10.6666,31.9998,3,False,1.0,1.0,16.58027598041857,Eliminated Week 10,5,False,233563.25569505675
Kate Flannery,28,8.0,8.6666,25.9998,3,False,5.0,5.0,13.471454803957736,Eliminated Week 8,7,False,113908.5507657322
Kel Mitchell,28,8.0,9.999933333333331,29.9998,3,False,4.0,4.0,15.544002254931629,2nd Place,2,False,144904.66070697692
Lauren Alaina,28,8.0,8.0,24.0,3,False,6.0,6.0,12.43528470584334,4th Place,4,False,81530.43258933902
Sean Spicer,28,8.0,6.666666666666667,20.0,3,False,7.0,7.0,10.362737254869453,Eliminated Week 9,6,False,46549.32673405386
Ally Brooke,28,9.0,10.0,40.0,4,False,1.0,1.0,19.18465227817746,3rd Place,3,False,266848.2593062353
Hannah Brown,28,9.0,8.875,35.5,4,False,4.0,4.0,17.026378896882495,1st Place,1,False,148621.80536474145
James Van Der Beek,28,9.0,9.0,36.0,4,False,3.0,3.0,17.26618705035971,Eliminated Week 10,5,False,189062.99633778623
Kel Mitchell,28,9.0,9.25,37.0,4,False,2.0,2.0,17.74580335731415,2nd Place,2,False,228357.33654102677
Lauren Alaina,28,9.0,8.75,35.0,4,False,5.0,5.0,16.786570743405278,4th Place,4,False,106374.8867141077
Sean Spicer,28,9.0,6.25,25.0,4,False,6.0,6.0,11.990407673860911,Eliminated Week 9,6,False,60734.71573610251
Ally Brooke,28,10.0,9.833333333333334,29.5,3,False,1.0,1.0,21.454545454545453,3rd Place,3,True,311229.15332204784
Hannah Brown,28,10.0,9.0,27.0,3,False,3.0,3.0,19.63636363636364,1st Place,1,True,174160.61566078215
James Van Der Beek,28,10.0,8.5,25.5,3,False,5.0,5.0,18.545454545454547,Eliminated Week 10,5,True,82775.45580658033
Kel Mitchell,28,10.0,9.5,28.5,3,False,2.0,2.0,20.727272727272727,2nd Place,2,True,257673.97753461287
Lauren Alaina,28,10.0,9.0,27.0,3,False,3.0,3.0,19.63636363636364,4th Place,4,True,174160.79767597682
Ally Brooke,28,11.0,10.0,30.0,3,False,1.0,1.0,25.64102564102564,3rd Place,3,False,374534.2871314153
Hannah Brown,28,11.0,9.666666666666666,29.0,3,False,3.0,3.0,24.786324786324787,1st Place,1,False,210730.3094549336
Kel Mitchell,28,11.0,9.833333333333334,29.5,3,False,2.0,2.0,25.213675213675213,2nd Place,2,False,294419.700411809
Lauren Alaina,28,11.0,9.5,28.5,3,False,4.0,4.0,24.35897435897436,4th Place,4,False,120315.70300184202
AJ McLean,29,1.0,6.0,18.0,3,False,6.0,6.0,6.923076923076923,Eliminated Week 9,7,True,67529.73266737474
Anne Heche,29,1.0,6.0,18.0,3,False,6.0,6.0,6.923076923076923,Eliminated Week 4,13,True,67529.69686690322
Carole Baskin,29,1.0,3.6666666666666665,11.0,3,False,15.0,15.0,4.230769230769231,Eliminated Week 3,14,True,11986.818061981932
Charles Oakley,29,1.0,4.0,12.0,3,False,14.0,14.0,4.615384615384616,Eliminated Week 2,15,True,20994.38698740781
Chrishell Stause,29,1.0,4.333333333333333,13.0,3,False,13.0,13.0,5.0,Eliminated Week 8,8,True,29332.10561107081
Jeannie Mai,29,1.0,6.0,18.0,3,False,6.0,6.0,6.923076923076923,Withdrew,9,True,67529.7025579669
Jesse Metcalfe,29,1.0,6.0,18.0,3,False,6.0,6.0,6.923076923076923,Eliminated Week 5,12,True,67529.73030943163
Johnny Weir,29,1.0,6.0,18.0,3,False,6.0,6.0,6.923076923076923,Eliminated Week 10,6,True,67529.68178005544
Justina Machado,29,1.0,7.0,21.0,3,False,1.0,1.0,8.076923076923077,4th Place,4,True,114174.50973727352
Kaitlyn Bristowe,29,1.0,6.666666666666667,20.0,3,False,3.0,3.0,7.6923076923076925,1st Place,1,True,100007.81089456446
Monica Aldama,29,1.0,6.333333333333333,19.0,3,False,5.0,5.0,7.307692307692308,Eliminated Week 7,10,True,89290.51324478297
Nelly,29,1.0,5.333333333333333,16.0,3,False,12.0,12.0,6.153846153846154,3rd Place,3,True,37313.79121307784
Nev Schulman,29,1.0,6.666666666666667,20.0,3,False,3.0,3.0,7.6923076923076925,2nd Place,2,True,100007.83417567384
Skai Jackson,29,1.0,7.0,21.0,3,False,1.0,1.0,8.076923076923077,Eliminated Week 10,5,True,114174.60442372956
Veron Davis,29,1.0,5.666666666666667,17.0,3,False,11.0,11.0,6.538461538461539,Eliminated Week 6,11,True,45069.08146870529
AJ McLean,29,2.0,6.333333333333333,19.0,3,False,5.0,5.0,6.95970695970696,Eliminated Week 9,7,True,89231.23155574208
Anne Heche,29,2.0,6.0,18.0,3,False,6.0,6.0,6.593406593406594,Eliminated Week 4,13,True,63804.62816717141
Carole Baskin,29,2.0,5.333333333333333,16.0,3,False,12.0,12.0,5.86080586080586,Eliminated Week 3,14,True,33335.06125490223
Charles Oakley,29,2.0,5.0,15.0,3,False,14.0,14.0,5.494505494505495,Eliminated Week 2,15,True,16599.304355437947
Chrishell Stause,29,2.0,6.0,18.0,3,False,6.0,6.0,6.593406593406594,Eliminated Week 8,8,True,63804.66483240186
Jeannie Mai,29,2.0,6.0,18.0,3,False,6.0,6.0,6.593406593406594,Withdrew,9,True,63804.63430623966
Jesse Metcalfe,29,2.0,6.666666666666667,20.0,3,False,4.0,4.0,7.326007326007327,Eliminated Week 5,12,True,96381.14621113698
Johnny Weir,29,2.0,6.0,18.0,3,False,6.0,6.0,6.593406593406594,Eliminated Week 10,6,True,63804.625597375
Justina Machado,29,2.0,7.0,21.0,3,False,2.0,2.0,7.6923076923076925,4th Place,4,True,107035.85253318954
Kaitlyn Bristowe,29,2.0,7.333333333333333,22.0,3,False,1.0,1.0,8.058608058608058,1st Place,1,True,117619.40545526212
Monica Aldama,29,2.0,5.333333333333333,16.0,3,False,12.0,12.0,5.86080586080586,Eliminated Week 7,10,True,33335.06456102096
Nelly,29,2.0,6.0,18.0,3,False,6.0,6.0,6.593406593406594,3rd Place,3,True,63804.62592307069
Nev Schulman,29,2.0,7.0,21.0,3,False,2.0,2.0,7.6923076923076925,2nd Place,2,True,107035.87115494834
Skai Jackson,29,2.0,5.0,15.0,3,False,14.0,14.0,5.494505494505495,Eliminated Week 10,5,True,16599.258203732894
Veron Davis,29,2.0,6.0,18.0,3,False,6.0,6.0,6.593406593406594,Eliminated Week 6,11,True,63804.625888368246
AJ McLean,29,3.0,7.0,21.0,3,False,7.0,7.0,7.473309608540925,Eliminated Week 9,7,True,72384.11453663404
Anne Heche,29,3.0,5.0,15.0,3,False,13.0,13.0,5.338078291814947,Eliminated Week 4,13,True,23801.603139201656
Carole Baskin,29,3.0,4.0,12.0,3,False,14.0,14.0,4.270462633451958,Eliminated Week 3,14,True,13589.580564989512
Chrishell Stause,29,3.0,7.333333333333333,22.0,3,False,4.0,4.0,7.829181494661921,Eliminated Week 8,8,True,93068.30643794272
Jeannie Mai,29,3.0,7.333333333333333,22.0,3,False,4.0,4.0,7.829181494661921,Withdrew,9,True,93068.35571875784
Jesse Metcalfe,29,3.0,6.666666666666667,20.0,3,False,9.0,9.0,7.11743772241993,Eliminated Week 5,12,True,59707.64262829936
Johnny Weir,29,3.0,8.0,24.0,3,False,1.0,1.0,8.540925266903916,Eliminated Week 10,6,True,121428.30750459943
Justina Machado,29,3.0,6.333333333333333,19.0,3,False,10.0,10.0,6.761565836298933,4th Place,4,True,51095.37368470403
Kaitlyn Bristowe,29,3.0,7.666666666666667,23.0,3,False,3.0,3.0,8.185053380782918,1st Place,1,True,109340.96203175047
Monica Aldama,29,3.0,7.0,21.0,3,False,7.0,7.0,7.473309608540925,Eliminated Week 7,10,True,72384.14351618198
Nelly,29,3.0,6.0,18.0,3,False,11.0,11.0,6.405693950177936,3rd Place,3,True,37817.44122419314
Nev Schulman,29,3.0,8.0,24.0,3,False,1.0,1.0,8.540925266903916,2nd Place,2,True,121428.28380386472
Skai Jackson,29,3.0,6.0,18.0,3,False,11.0,11.0,6.405693950177936,Eliminated Week 10,5,True,37817.50439451508
Veron Davis,29,3.0,7.333333333333333,22.0,3,False,4.0,4.0,7.829181494661921,Eliminated Week 6,11,True,93068.38081436604
AJ McLean,29,4.0,8.0,24.0,3,False,3.0,3.0,7.973421926910299,Eliminated Week 9,7,True,96836.54169418097
Anne Heche,29,4.0,7.0,21.0,3,False,10.0,10.0,6.976744186046512,Eliminated Week 4,13,True,32632.2742486318
Chrishell Stause,29,4.0,7.333333333333333,22.0,3,False,8.0,8.0,7.308970099667775,Eliminated Week 8,8,True,63250.75448964562
Jeannie Mai,29,4.0,7.0,21.0,3,False,10.0,10.0,6.976744186046512,Withdrew,9,True,32632.146810173384
Jesse Metcalfe,29,4.0,7.0,21.0,3,False,10.0,10.0,6.976744186046512,Eliminated Week 5,12,True,32632.34738278707
Johnny Weir,29,4.0,8.0,24.0,3,False,3.0,3.0,7.973421926910299,Eliminated Week 10,6,True,96836.49227935167
Justina Machado,29,4.0,8.0,24.0,3,False,3.0,3.0,7.973421926910299,4th Place,4,True,96836.5441470015
Kaitlyn Bristowe,29,4.0,8.333333333333334,25.0,3,False,2.0,2.0,8.305647840531561,1st Place,1,True,124789.38671347614
Monica Aldama,29,4.0,8.0,24.0,3,False,3.0,3.0,7.973421926910299,Eliminated Week 7,10,True,96836.4740906063
Nelly,29,4.0,7.0,21.0,3,False,10.0,10.0,6.976744186046512,3rd Place,3,True,32632.2939256236
Nev Schulman,29,4.0,8.0,24.0,3,False,3.0,3.0,7.973421926910299,2nd Place,2,True,96836.5649200487
Skai Jackson,29,4.0,9.333333333333334,28.0,3,False,1.0,1.0,9.30232558139535,Eliminated Week 10,5,True,133997.3370646799
Veron Davis,29,4.0,7.333333333333333,22.0,3,False,8.0,8.0,7.308970099667775,Eliminated Week 6,11,True,63250.84223379327
AJ McLean,29,5.0,8.0,24.0,3,False,5.0,5.0,8.362369337979095,Eliminated Week 9,7,True,78774.34601338214
Chrishell Stause,29,5.0,6.333333333333333,19.0,3,False,11.0,11.0,6.620209059233449,Eliminated Week 8,8,True,24844.682614468973
Jeannie Mai,29,5.0,8.0,24.0,3,False,5.0,5.0,8.362369337979095,Withdrew,9,True,78774.33182177332
Jesse Metcalfe,29,5.0,6.333333333333333,19.0,3,False,11.0,11.0,6.620209059233449,Eliminated Week 5,12,True,24844.711835935872
Johnny Weir,29,5.0,9.666666666666666,29.0,3,False,1.0,1.0,10.104529616724738,Eliminated Week 10,6,True,144257.19498662816
Justina Machado,29,5.0,8.0,24.0,3,False,5.0,5.0,8.362369337979095,4th Place,4,True,78774.37468134893
Kaitlyn Bristowe,29,5.0,9.0,27.0,3,False,2.0,2.0,9.40766550522648,1st Place,1,True,133555.72441758355
Monica Aldama,29,5.0,8.666666666666666,26.0,3,False,3.0,3.0,9.059233449477352,Eliminated Week 7,10,True,117376.32827075922
Nelly,29,5.0,8.0,24.0,3,False,5.0,5.0,8.362369337979095,3rd Place,3,True,78774.33085320573
Nev Schulman,29,5.0,8.666666666666666,26.0,3,False,3.0,3.0,9.059233449477352,2nd Place,2,True,117376.35268934618
Skai Jackson,29,5.0,8.0,24.0,3,False,5.0,5.0,8.362369337979095,Eliminated Week 10,5,True,78774.43094853668
Veron Davis,29,5.0,7.0,21.0,3,False,10.0,10.0,7.317073170731707,Eliminated Week 6,11,True,43873.190867031255
AJ McLean,29,6.0,9.0,27.0,3,False,1.0,1.0,10.07462686567164,Eliminated Week 9,7,True,137324.47309068183
Chrishell Stause,29,6.0,8.0,24.0,3,False,7.0,7.0,8.955223880597014,Eliminated Week 8,8,True,72123.42423034129
Jeannie Mai,29,6.0,8.333333333333334,25.0,3,False,6.0,6.0,9.328358208955224,Withdrew,9,True,92162.1050738508
Johnny Weir,29,6.0,7.333333333333333,22.0,3,False,9.0,9.0,8.208955223880597,Eliminated Week 10,6,True,51329.48167853566
Justina Machado,29,6.0,9.0,27.0,3,False,1.0,1.0,10.07462686567164,4th Place,4,True,137324.45018843186
Kaitlyn Bristowe,29,6.0,9.0,27.0,3,False,1.0,1.0,10.07462686567164,1st Place,1,True,137324.4918189814
Monica Aldama,29,6.0,9.0,27.0,3,False,1.0,1.0,10.07462686567164,Eliminated Week 7,10,True,137324.39055238376
Nelly,29,6.0,8.0,24.0,3,False,7.0,7.0,8.955223880597014,3rd Place,3,True,72123.43356492944
Nev Schulman,29,6.0,8.666666666666666,26.0,3,False,5.0,5.0,9.701492537313433,2nd Place,2,True,105248.46918154236
Skai Jackson,29,6.0,6.0,18.0,3,False,11.0,11.0,6.7164179104477615,Eliminated Week 10,5,True,20976.163018530657
Veron Davis,29,6.0,7.0,21.0,3,False,10.0,10.0,7.835820895522389,Eliminated Week 6,11,True,36739.11760179093
AJ McLean,29,7.0,8.666666666666666,26.0,3,False,5.0,5.0,10.0,Eliminated Week 9,7,True,93465.2600093627
Chrishell Stause,29,7.0,8.666666666666666,26.0,3,False,5.0,5.0,10.0,Eliminated Week 8,8,True,93465.20134975995
Jeannie Mai,29,7.0,8.333333333333334,25.0,3,False,8.0,8.0,9.615384615384617,Withdrew,9,True,60829.51944109904
Johnny Weir,29,7.0,9.0,27.0,3,False,2.0,2.0,10.384615384615383,Eliminated Week 10,6,True,140044.60919502506
Justina Machado,29,7.0,8.666666666666666,26.0,3,False,5.0,5.0,10.0,4th Place,4,True,93465.3961672782
Kaitlyn Bristowe,29,7.0,8.0,24.0,3,False,9.0,9.0,9.230769230769232,1st Place,1,True,43538.693223005466
Monica Aldama,29,7.0,7.333333333333333,22.0,3,False,10.0,10.0,8.461538461538462,Eliminated Week 7,10,True,24858.310403973017
Nelly,29,7.0,9.0,27.0,3,False,2.0,2.0,10.384615384615383,3rd Place,3,True,140044.7067891836
Nev Schulman,29,7.0,10.0,30.0,3,False,1.0,1.0,11.538461538461538,2nd Place,2,True,170243.69231511344
Skai Jackson,29,7.0,9.0,27.0,3,False,2.0,2.0,10.384615384615383,Eliminated Week 10,5,True,140044.61110619947
AJ McLean,29,8.0,9.0,27.0,3,False,5.0,5.0,12.162184076007344,Eliminated Week 9,7,True,102598.41880648708
Chrishell Stause,29,8.0,9.0,27.0,3,False,5.0,5.0,12.162184076007344,Eliminated Week 8,8,True,102598.11827806654
Johnny Weir,29,8.0,10.0,30.0,3,False,1.0,1.0,13.513537862230384,Eliminated Week 10,6,True,196377.1217932957
Justina Machado,29,8.0,9.6666,28.9998,3,False,3.0,3.0,13.062996509903623,4th Place,4,True,161986.07220037072
Kaitlyn Bristowe,29,8.0,9.333333333333334,28.0,3,False,4.0,4.0,12.61263533808169,1st Place,1,True,138620.88772167693
Nelly,29,8.0,8.0,24.0,3,False,8.0,8.0,10.810830289784306,3rd Place,3,True,36868.43922399787
Nev Schulman,29,8.0,10.0,30.0,3,False,1.0,1.0,13.513537862230384,2nd Place,2,True,196377.2906762114
Skai Jackson,29,8.0,8.999933333333333,26.9998,3,False,7.0,7.0,12.16209398575493,Eliminated Week 10,5,True,64573.6512998938
AJ McLean,29,9.0,8.333266666666667,24.9998,3,False,6.0,6.0,12.953317941214266,Eliminated Week 9,7,True,81507.35679277714
Johnny Weir,29,9.0,10.0,30.0,3,False,1.0,1.0,15.544105882304176,Eliminated Week 10,6,True,219031.2475507161
Justina Machado,29,9.0,8.6666,25.9998,3,False,5.0,5.0,13.471454803957736,4th Place,4,True,113876.69305082326
Kaitlyn Bristowe,29,9.0,10.0,30.0,3,False,1.0,1.0,15.544105882304176,1st Place,1,True,219031.4576758948
Nelly,29,9.0,8.0,24.0,3,False,7.0,7.0,12.43528470584334,3rd Place,3,True,46536.3563297313
Nev Schulman,29,9.0,9.6666,28.9998,3,False,3.0,3.0,15.025865392188154,2nd Place,2,True,160008.0691396616
Skai Jackson,29,9.0,9.6666,28.9998,3,False,3.0,3.0,15.025865392188154,Eliminated Week 10,5,True,160008.81946039575
Johnny Weir,29,10.0,9.5,28.5,3,False,4.0,4.0,16.379310344827587,Eliminated Week 10,6,True,127691.061907238
Justina Machado,29,10.0,9.666666666666666,29.0,3,False,3.0,3.0,16.666666666666664,4th Place,4,True,188921.46547757488
Kaitlyn Bristowe,29,10.0,10.0,30.0,3,False,1.0,1.0,17.24137931034483,1st Place,1,True,247503.0591192397
Nelly,29,10.0,9.333333333333334,28.0,3,False,6.0,6.0,16.091954022988507,3rd Place,3,True,60689.66265829993
Nev Schulman,29,10.0,10.0,30.0,3,False,1.0,1.0,17.24137931034483,2nd Place,2,True,247503.28714056275
Skai Jackson,29,10.0,9.5,28.5,3,False,4.0,4.0,16.379310344827587,Eliminated Week 10,5,True,127691.46369708462
Justina Machado,29,11.0,10.0,30.0,3,False,1.0,1.0,25.31645569620253,4th Place,4,True,293369.74449594354
Kaitlyn Bristowe,29,11.0,10.0,30.0,3,False,1.0,1.0,25.31645569620253,1st Place,1,True,293370.85999936046
Nelly,29,11.0,9.5,28.5,3,False,4.0,4.0,24.050632911392405,3rd Place,3,True,119887.90184605077
Nev Schulman,29,11.0,10.0,30.0,3,False,1.0,1.0,25.31645569620253,2nd Place,2,True,293371.4936586453
Amanda Kloots,30,1.0,7.0,28.0,4,False,2.0,2.0,7.650273224043716,4th Place,4,True,107108.15160862844
Brian Austin Green,30,1.0,6.0,24.0,4,False,9.0,9.0,6.557377049180328,Eliminated Week 4,13,True,48884.77395533331
Christine Chiu,30,1.0,6.25,25.0,4,False,7.0,7.0,6.830601092896176,Eliminated Week 3,14,True,71194.7323945505
Cody Rigsby,30,1.0,6.0,24.0,4,False,9.0,9.0,6.557377049180328,3rd Place,3,True,48884.78393894532
Iman Shumpert,30,1.0,5.25,21.0,4,False,14.0,14.0,5.737704918032787,1st Place,1,True,20994.679134862603
Jimmie Allen,30,1.0,5.5,22.0,4,False,13.0,13.0,6.0109289617486334,Eliminated Week 8,7,True,29332.46992353278
JoJo Siwa,30,1.0,7.25,29.0,4,False,1.0,1.0,7.923497267759563,2nd Place,2,True,117698.9060911204
Kenya Moore,30,1.0,6.5,26.0,4,False,5.0,5.0,7.103825136612022,Eliminated Week 6,10,True,85698.05606206467
Martin Kove,30,1.0,3.25,13.0,4,False,15.0,15.0,3.551912568306011,Eliminated Week 2,15,True,11986.855656016383
Matt James,30,1.0,6.0,24.0,4,False,9.0,9.0,6.557377049180328,Eliminated Week 4,12,True,48884.81677950451
Melanie C,30,1.0,6.75,27.0,4,False,4.0,4.0,7.377049180327869,Eliminated Week 5,11,True,96446.19929373036
Melora Hardin,30,1.0,6.5,26.0,4,False,5.0,5.0,7.103825136612022,Eliminated Week 9,6,True,85697.95734746981
"Mike ""The Miz"" Mizanin",30,1.0,6.0,24.0,4,False,9.0,9.0,6.557377049180328,Eliminated Week 7,9,True,48884.77157430211
Olivia Jade,30,1.0,6.25,25.0,4,False,7.0,7.0,6.830601092896176,Eliminated Week 8,8,True,71194.6965511634
Suni Lee,30,1.0,7.0,28.0,4,False,2.0,2.0,7.650273224043716,Eliminated Week 9,5,True,107108.14968877552
Amanda Kloots,30,2.0,8.0,32.0,4,False,1.0,1.0,8.311688311688311,4th Place,4,True,117719.01594806807
Brian Austin Green,30,2.0,5.75,23.0,4,False,13.0,13.0,5.974025974025974,Eliminated Week 4,13,True,29337.33780269656
Christine Chiu,30,2.0,6.0,24.0,4,False,10.0,10.0,6.233766233766234,Eliminated Week 3,14,True,45077.27934877848
Cody Rigsby,30,2.0,6.0,24.0,4,False,10.0,10.0,6.233766233766234,3rd Place,3,True,45077.30467512899
Iman Shumpert,30,2.0,6.25,25.0,4,False,9.0,9.0,6.493506493506493,1st Place,1,True,60154.81301742946
Jimmie Allen,30,2.0,6.75,27.0,4,False,5.0,5.0,7.012987012987012,Eliminated Week 8,7,True,82106.70916907265
JoJo Siwa,30,2.0,7.75,31.0,4,False,2.0,2.0,8.051948051948052,2nd Place,2,True,110664.52861856933
Kenya Moore,30,2.0,6.0,24.0,4,False,10.0,10.0,6.233766233766234,Eliminated Week 6,10,True,45077.29656649332
Martin Kove,30,2.0,3.75,15.0,4,False,15.0,15.0,3.896103896103896,Eliminated Week 2,15,True,11988.935530051083
Matt James,30,2.0,5.5,22.0,4,False,14.0,14.0,5.714285714285714,Eliminated Week 4,12,True,20998.30686859853
Melanie C,30,2.0,7.5,30.0,4,False,3.0,3.0,7.792207792207792,Eliminated Week 5,11,True,103580.37883978836
Melora Hardin,30,2.0,6.75,27.0,4,False,5.0,5.0,7.012987012987012,Eliminated Week 9,6,True,82106.63425070111
"Mike ""The Miz"" Mizanin",30,2.0,6.5,26.0,4,False,8.0,8.0,6.753246753246753,Eliminated Week 7,9,True,67542.02639627928
Olivia Jade,30,2.0,6.75,27.0,4,False,5.0,5.0,7.012987012987012,Eliminated Week 8,8,True,82106.7008012437
Suni Lee,30,2.0,7.0,28.0,4,False,4.0,4.0,7.272727272727272,Eliminated Week 9,5,True,96462.73216710106
Amanda Kloots,30,3.0,8.0,24.0,3,False,1.0,1.0,8.053691275167784,4th Place,4,True,117388.7438069492
Brian Austin Green,30,3.0,6.333333333333333,19.0,3,False,12.0,12.0,6.375838926174497,Eliminated Week 4,13,True,28587.58388962419
Christine Chiu,30,3.0,7.0,21.0,3,False,7.0,7.0,7.046979865771812,Eliminated Week 3,14,True,68173.99398391861
Cody Rigsby,30,3.0,6.0,18.0,3,False,14.0,14.0,6.04026845637584,3rd Place,3,True,13587.167109020556
Iman Shumpert,30,3.0,6.333333333333333,19.0,3,False,12.0,12.0,6.375838926174497,1st Place,1,True,28587.617035862266
Jimmie Allen,30,3.0,6.666666666666667,20.0,3,False,10.0,10.0,6.711409395973154,Eliminated Week 8,7,True,46717.39973671224
JoJo Siwa,30,3.0,8.0,24.0,3,False,1.0,1.0,8.053691275167784,2nd Place,2,True,117388.72691726845
Kenya Moore,30,3.0,7.0,21.0,3,False,7.0,7.0,7.046979865771812,Eliminated Week 6,10,True,68174.04243784843
Matt James,30,3.0,6.666666666666667,20.0,3,False,10.0,10.0,6.711409395973154,Eliminated Week 4,12,True,46717.4854212108
Melanie C,30,3.0,7.333333333333333,22.0,3,False,5.0,5.0,7.38255033557047,Eliminated Week 5,11,True,88951.06836331643
Melora Hardin,30,3.0,7.666666666666667,23.0,3,False,4.0,4.0,7.718120805369128,Eliminated Week 9,6,True,101212.25632825674
"Mike ""The Miz"" Mizanin",30,3.0,7.333333333333333,22.0,3,False,5.0,5.0,7.38255033557047,Eliminated Week 7,9,True,88951.0216201858
Olivia Jade,30,3.0,8.0,24.0,3,False,1.0,1.0,8.053691275167784,Eliminated Week 8,8,True,117388.78169325012
Suni Lee,30,3.0,7.0,21.0,3,False,7.0,7.0,7.046979865771812,Eliminated Week 9,5,True,68174.11165657616
Amanda Kloots,30,4.0,8.5,34.0,4,False,4.0,4.0,8.15347721822542,4th Place,4,True,101739.73975929388
Brian Austin Green,30,4.0,6.5,26.0,4,False,13.0,13.0,6.235011990407674,Eliminated Week 4,13,True,15540.66009304083
Cody Rigsby,30,4.0,7.25,29.0,4,False,11.0,11.0,6.954436450839328,3rd Place,3,True,38028.58253933345
Iman Shumpert,30,4.0,7.875,31.5,4,False,9.0,9.0,7.553956834532374,1st Place,1,True,58431.41471144765
Jimmie Allen,30,4.0,8.125,32.5,4,False,7.0,7.0,7.793764988009593,Eliminated Week 8,7,True,73144.72235455044
JoJo Siwa,30,4.0,8.75,35.0,4,False,2.0,2.0,8.393285371702639,2nd Place,2,True,120408.42615593332
Kenya Moore,30,4.0,7.375,29.5,4,False,10.0,10.0,7.074340527577938,Eliminated Week 6,10,True,48376.93363553179
Matt James,30,4.0,7.125,28.5,4,False,12.0,12.0,6.83453237410072,Eliminated Week 4,12,True,27218.900271526836
Melanie C,30,4.0,8.25,33.0,4,False,6.0,6.0,7.913669064748201,Eliminated Week 5,11,True,87551.40151226
Melora Hardin,30,4.0,9.125,36.5,4,False,1.0,1.0,8.752997601918464,Eliminated Week 9,6,True,134266.13052153538
"Mike ""The Miz"" Mizanin",30,4.0,8.125,32.5,4,False,7.0,7.0,7.793764988009593,Eliminated Week 7,9,True,73144.66273324924
Olivia Jade,30,4.0,8.75,35.0,4,False,2.0,2.0,8.393285371702639,Eliminated Week 8,8,True,120408.4992059177
Suni Lee,30,4.0,8.5,34.0,4,False,4.0,4.0,8.15347721822542,Eliminated Week 9,5,True,101739.92650637956
Amanda Kloots,30,5.0,9.75,39.0,4,False,2.0,2.0,10.129870129870133,4th Place,4,True,143556.51494705788
Cody Rigsby,30,5.0,8.0,32.0,4,False,9.0,9.0,8.311688311688311,3rd Place,3,True,44103.55460784978
Iman Shumpert,30,5.0,7.0,28.0,4,False,11.0,11.0,7.272727272727272,1st Place,1,True,20961.55038629112
Jimmie Allen,30,5.0,8.5,34.0,4,False,8.0,8.0,8.831168831168831,Eliminated Week 8,7,True,65251.87615826563
JoJo Siwa,30,5.0,10.0,40.0,4,False,1.0,1.0,10.38961038961039,2nd Place,2,True,156145.22618988465
Kenya Moore,30,5.0,9.0,36.0,4,False,3.0,3.0,9.35064935064935,Eliminated Week 6,10,True,105175.64034043446
Melanie C,30,5.0,9.0,36.0,4,False,3.0,3.0,9.35064935064935,Eliminated Week 5,11,True,105175.5876591227
Melora Hardin,30,5.0,9.0,36.0,4,False,3.0,3.0,9.35064935064935,Eliminated Week 9,6,True,105175.50719728728
"Mike ""The Miz"" Mizanin",30,5.0,8.0,32.0,4,False,9.0,9.0,8.311688311688311,Eliminated Week 7,9,True,44103.51770949996
Olivia Jade,30,5.0,9.0,36.0,4,False,3.0,3.0,9.35064935064935,Eliminated Week 8,8,True,105175.48737488467
Suni Lee,30,5.0,9.0,36.0,4,False,3.0,3.0,9.35064935064935,Eliminated Week 9,5,True,105175.53742942183
Amanda Kloots,30,6.0,9.5,38.0,4,False,3.0,3.0,10.43956043956044,4th Place,4,True,132387.06543288566
Cody Rigsby,30,6.0,9.0,36.0,4,False,5.0,5.0,9.89010989010989,3rd Place,3,True,93450.75323492082
Iman Shumpert,30,6.0,10.0,40.0,4,False,1.0,1.0,10.989010989010987,1st Place,1,True,162715.14932756906
Jimmie Allen,30,6.0,9.5,38.0,4,False,3.0,3.0,10.43956043956044,Eliminated Week 8,7,True,132387.04968307022
JoJo Siwa,30,6.0,10.0,40.0,4,False,1.0,1.0,10.989010989010987,2nd Place,2,True,162715.0256621913
Kenya Moore,30,6.0,8.0,32.0,4,False,10.0,10.0,8.791208791208792,Eliminated Week 6,10,True,24854.619809261927
Melora Hardin,30,6.0,8.5,34.0,4,False,8.0,8.0,9.34065934065934,Eliminated Week 9,6,True,52294.26059319572
"Mike ""The Miz"" Mizanin",30,6.0,8.5,34.0,4,False,8.0,8.0,9.34065934065934,Eliminated Week 7,9,True,52294.21942778222
Olivia Jade,30,6.0,9.0,36.0,4,False,5.0,5.0,9.89010989010989,Eliminated Week 8,8,True,93450.90767389248
Suni Lee,30,6.0,9.0,36.0,4,False,5.0,5.0,9.89010989010989,Eliminated Week 9,5,True,93450.94915523054
Amanda Kloots,30,7.0,8.5,34.0,4,False,6.0,6.0,10.397553516819572,4th Place,4,True,73282.81749765981
Cody Rigsby,30,7.0,9.0,36.0,4,False,5.0,5.0,11.009174311926609,3rd Place,3,True,112599.96430593556
Iman Shumpert,30,7.0,8.5,34.0,4,False,6.0,6.0,10.397553516819572,1st Place,1,True,73282.97970691598
Jimmie Allen,30,7.0,9.5,38.0,4,False,3.0,3.0,11.62079510703364,Eliminated Week 8,7,True,140953.1428097618
JoJo Siwa,30,7.0,9.75,39.0,4,False,2.0,2.0,11.926605504587156,2nd Place,2,True,168715.21633989215
Melora Hardin,30,7.0,9.5,38.0,4,False,3.0,3.0,11.62079510703364,Eliminated Week 9,6,True,140952.95727472223
"Mike ""The Miz"" Mizanin",30,7.0,8.0,32.0,4,False,9.0,9.0,9.785932721712538,Eliminated Week 7,9,True,29947.426827430456
Olivia Jade,30,7.0,10.5,42.0,4,False,1.0,1.0,12.844036697247708,Eliminated Week 8,8,True,186982.63428897905
Suni Lee,30,7.0,8.5,34.0,4,False,6.0,6.0,10.397553516819572,Eliminated Week 9,5,True,73282.86094870298
Amanda Kloots,30,8.0,10.5,42.0,4,False,1.0,1.0,13.636363636363637,4th Place,4,True,184985.31148547816
Cody Rigsby,30,8.0,9.5,38.0,4,False,5.0,5.0,12.337662337662335,3rd Place,3,True,114766.88926864002
Iman Shumpert,30,8.0,8.75,35.0,4,False,7.0,7.0,11.363636363636363,1st Place,1,True,64572.80924174187
Jimmie Allen,30,8.0,8.0,32.0,4,False,8.0,8.0,10.38961038961039,Eliminated Week 8,7,True,36867.806564014616
JoJo Siwa,30,8.0,10.25,41.0,4,False,4.0,4.0,13.311688311688313,2nd Place,2,True,138619.43203644844
Melora Hardin,30,8.0,10.5,42.0,4,False,1.0,1.0,13.636363636363637,Eliminated Week 9,6,True,184985.23435556272
Olivia Jade,30,8.0,9.0,36.0,4,False,6.0,6.0,11.688311688311687,Eliminated Week 8,8,True,90217.26231034777
Suni Lee,30,8.0,10.5,42.0,4,False,1.0,1.0,13.636363636363637,Eliminated Week 9,5,True,184985.2547377663
Amanda Kloots,30,9.0,9.875,39.5,4,False,2.0,2.0,17.47787610619469,4th Place,4,True,228278.19608483676
Cody Rigsby,30,9.0,8.875,35.5,4,False,6.0,6.0,15.70796460176991,3rd Place,3,True,60713.56157676093
Iman Shumpert,30,9.0,9.375,37.5,4,False,3.0,3.0,16.5929203539823,1st Place,1,True,168957.5064518334
JoJo Siwa,30,9.0,10.0,40.0,4,False,1.0,1.0,17.699115044247787,2nd Place,2,True,266755.41193715594
Melora Hardin,30,9.0,9.0,36.0,4,False,5.0,5.0,15.929203539823009,Eliminated Week 9,6,True,106338.73367306936
Suni Lee,30,9.0,9.375,37.5,4,False,3.0,3.0,16.5929203539823,Eliminated Week 9,5,True,168956.59027634375
Amanda Kloots,30,10.0,9.75,39.0,4,False,3.0,3.0,24.840764331210192,4th Place,4,True,210585.85576900825
Cody Rigsby,30,10.0,9.5,38.0,4,False,4.0,4.0,24.203821656050955,3rd Place,3,True,120233.48909247678
Iman Shumpert,30,10.0,10.0,40.0,4,False,1.0,1.0,25.477707006369428,1st Place,1,True,334590.7053094072
JoJo Siwa,30,10.0,10.0,40.0,4,False,1.0,1.0,25.477707006369428,2nd Place,2,True,334589.9498291079
Charli D'Amelio,31,1.0,8.0,32.0,4,False,1.0,1.0,8.37696335078534,1st Place,1,True,110903.71750202384
Cheryl Ladd,31,1.0,5.25,21.0,4,False,10.0,10.0,5.49738219895288,Eliminated Week 3,14,True,50166.1110439752
Daniel Durant,31,1.0,6.75,27.0,4,False,6.0,6.0,7.068062827225131,Eliminated Week 9,5,True,79396.32717554506
Gabby Windey,31,1.0,7.0,28.0,4,False,3.0,3.0,7.329842931937172,2nd Place,2,True,92086.00799988206
Heidi D'Amelio,31,1.0,6.0,24.0,4,False,8.0,8.0,6.282722513089005,Eliminated Week 8,8,True,66548.25154437943
Jason Lewis,31,1.0,4.5,18.0,4,False,15.0,15.0,4.712041884816754,Eliminated Week 1,16,True,18668.07978775585
Jessie James Decker,31,1.0,5.0,20.0,4,False,12.0,12.0,5.235602094240837,Eliminated Week 6,10,True,33179.156525641854
Jordin Sparks,31,1.0,6.5,26.0,4,False,7.0,7.0,6.806282722513089,Eliminated Week 7,9,True,72995.18534821225
Joseph Baena,31,1.0,5.75,23.0,4,False,9.0,9.0,6.020942408376963,Eliminated Week 5,11,True,60046.79401485728
Sam Champion,31,1.0,5.0,20.0,4,False,12.0,12.0,5.235602094240837,Eliminated Week 4,13,True,33179.08178969254
Selma Blair,31,1.0,7.0,28.0,4,False,3.0,3.0,7.329842931937172,Withdrew,12,True,92086.00006458256
Shangela,31,1.0,7.0,28.0,4,False,3.0,3.0,7.329842931937172,4th Place,4,True,92086.00206272636
Teresa Giudice,31,1.0,5.0,20.0,4,False,12.0,12.0,5.235602094240837,Eliminated Week 2,15,True,33179.08345312723
Trevor Donovan,31,1.0,5.25,21.0,4,False,10.0,10.0,5.49738219895288,Eliminated Week 9,6,True,50166.079414058186
Vinny Guadagnino,31,1.0,4.25,17.0,4,False,16.0,16.0,4.450261780104712,Eliminated Week 8,7,True,10658.476104008609
Wayne Brady,31,1.0,7.25,29.0,4,False,2.0,2.0,7.591623036649215,3rd Place,3,True,104655.64616953164
Charli D'Amelio,31,2.0,8.0,32.0,4,False,1.0,1.0,7.766990291262135,1st Place,1,True,110674.9311708709
Cheryl Ladd,31,2.0,5.25,21.0,4,False,15.0,15.0,5.097087378640777,Eliminated Week 3,14,True,11990.013491409522
Daniel Durant,31,2.0,7.25,29.0,4,False,5.0,5.0,7.038834951456311,Eliminated Week 9,5,True,89315.08559885269
Gabby Windey,31,2.0,8.0,32.0,4,False,1.0,1.0,7.766990291262135,2nd Place,2,True,110674.89720223405
Heidi D'Amelio,31,2.0,7.0,28.0,4,False,6.0,6.0,6.796116504854369,Eliminated Week 8,8,True,74862.01495049856
Jessie James Decker,31,2.0,6.25,25.0,4,False,12.0,12.0,6.067961165048544,Eliminated Week 6,10,True,37324.07440757904
Jordin Sparks,31,2.0,6.75,27.0,4,False,9.0,9.0,6.553398058252427,Eliminated Week 7,9,True,56433.17337193052
Joseph Baena,31,2.0,6.0,24.0,4,False,13.0,13.0,5.825242718446602,Eliminated Week 5,11,True,29340.225151391744
Sam Champion,31,2.0,6.5,26.0,4,False,11.0,11.0,6.310679611650485,Eliminated Week 4,13,True,45081.50568830857
Selma Blair,31,2.0,7.0,28.0,4,False,6.0,6.0,6.796116504854369,Withdrew,12,True,74862.02397227066
Shangela,31,2.0,7.0,28.0,4,False,6.0,6.0,6.796116504854369,4th Place,4,True,74861.99480553706
Teresa Giudice,31,2.0,5.75,23.0,4,False,14.0,14.0,5.582524271844661,Eliminated Week 2,15,True,21000.249039718256
Trevor Donovan,31,2.0,7.5,30.0,4,False,4.0,4.0,7.281553398058252,Eliminated Week 9,6,True,96471.75833085756
Vinny Guadagnino,31,2.0,6.75,27.0,4,False,9.0,9.0,6.553398058252427,Eliminated Week 8,7,True,56433.158893690445
Wayne Brady,31,2.0,8.0,32.0,4,False,1.0,1.0,7.766990291262135,3rd Place,3,True,110674.89392485048
Charli D'Amelio,31,3.0,8.25,33.0,4,False,1.0,1.0,8.188585607940446,1st Place,1,True,117421.4914619068
Cheryl Ladd,31,3.0,6.0,24.0,4,False,13.0,13.0,5.955334987593052,Eliminated Week 3,14,True,23804.142748349263
Daniel Durant,31,3.0,7.75,31.0,4,False,5.0,5.0,7.6923076923076925,Eliminated Week 9,5,True,93078.2940336815
Gabby Windey,31,3.0,8.25,33.0,4,False,1.0,1.0,8.188585607940446,2nd Place,2,True,117421.52176535103
Heidi D'Amelio,31,3.0,8.0,32.0,4,False,4.0,4.0,7.94044665012407,Eliminated Week 8,8,True,101240.5213532281
Jessie James Decker,31,3.0,6.5,26.0,4,False,11.0,11.0,6.451612903225806,Eliminated Week 6,10,True,42307.55717752565
Jordin Sparks,31,3.0,7.25,29.0,4,False,7.0,7.0,7.196029776674938,Eliminated Week 7,9,True,72391.83946384495
Joseph Baena,31,3.0,7.25,29.0,4,False,7.0,7.0,7.196029776674938,Eliminated Week 5,11,True,72391.91732823678
Sam Champion,31,3.0,6.25,25.0,4,False,12.0,12.0,6.20347394540943,Eliminated Week 4,13,True,33257.76030117428
Selma Blair,31,3.0,7.0,28.0,4,False,9.0,9.0,6.9478908188585615,Withdrew,12,True,59714.047278920014
Shangela,31,3.0,7.5,30.0,4,False,6.0,6.0,7.444168734491314,4th Place,4,True,84857.58731270189
Trevor Donovan,31,3.0,6.75,27.0,4,False,10.0,10.0,6.699751861042183,Eliminated Week 9,6,True,51100.82773744236
Vinny Guadagnino,31,3.0,5.75,23.0,4,False,14.0,14.0,5.707196029776675,Eliminated Week 8,7,True,13590.970871811547
Wayne Brady,31,3.0,8.25,33.0,4,False,1.0,1.0,8.188585607940446,3rd Place,3,True,117421.52116582582
Charli D'Amelio,31,4.0,9.0,36.0,4,False,1.0,1.0,8.780487804878048,1st Place,1,True,125010.14716733458
Daniel Durant,31,4.0,7.25,29.0,4,False,9.0,9.0,7.073170731707316,Eliminated Week 9,5,True,53421.49386336528
Gabby Windey,31,4.0,9.0,36.0,4,False,1.0,1.0,8.780487804878048,2nd Place,2,True,125010.10461997829
Heidi D'Amelio,31,4.0,8.5,34.0,4,False,4.0,4.0,8.292682926829269,Eliminated Week 8,8,True,101715.76358908972
Jessie James Decker,31,4.0,7.75,31.0,4,False,8.0,8.0,7.560975609756097,Eliminated Week 6,10,True,68264.03780740249
Jordin Sparks,31,4.0,8.5,34.0,4,False,4.0,4.0,8.292682926829269,Eliminated Week 7,9,True,101715.70195153676
Joseph Baena,31,4.0,7.0,28.0,4,False,11.0,11.0,6.829268292682928,Eliminated Week 5,11,True,32689.927079330817
Sam Champion,31,4.0,6.25,25.0,4,False,13.0,13.0,6.097560975609756,Eliminated Week 4,13,True,15536.964908499198
Selma Blair,31,4.0,8.0,32.0,4,False,6.0,6.0,7.804878048780488,Withdrew,12,True,82757.1371973833
Shangela,31,4.0,8.0,32.0,4,False,6.0,6.0,7.804878048780488,4th Place,4,True,82757.14726781995
Trevor Donovan,31,4.0,7.0,28.0,4,False,11.0,11.0,6.829268292682928,Eliminated Week 9,6,True,32689.94267657955
Vinny Guadagnino,31,4.0,7.25,29.0,4,False,9.0,9.0,7.073170731707316,Eliminated Week 8,7,True,53421.51847958393
Wayne Brady,31,4.0,9.0,36.0,4,False,1.0,1.0,8.780487804878048,3rd Place,3,True,125010.1133920961
Charli D'Amelio,31,5.0,10.5,42.0,4,False,1.0,1.0,9.364548494983277,1st Place,1,True,144433.13759146546
Daniel Durant,31,5.0,8.375,33.5,4,False,11.0,11.0,7.469342251950947,Eliminated Week 9,5,True,31440.62224357472
Gabby Windey,31,5.0,10.25,41.0,4,False,2.0,2.0,9.141583054626532,2nd Place,2,True,128337.0677890526
Heidi D'Amelio,31,5.0,9.75,39.0,4,False,5.0,5.0,8.695652173913043,Eliminated Week 8,8,True,101130.35482591605
Jessie James Decker,31,5.0,9.0,36.0,4,False,7.0,7.0,8.02675585284281,Eliminated Week 6,10,True,73207.4692638721
Jordin Sparks,31,5.0,8.875,35.5,4,False,9.0,9.0,7.915273132664437,Eliminated Week 7,9,True,55879.84865826889
Joseph Baena,31,5.0,8.75,35.0,4,False,10.0,10.0,7.803790412486064,Eliminated Week 5,11,True,43926.77294204321
Selma Blair,31,5.0,10.0,40.0,4,False,4.0,4.0,8.918617614269788,Withdrew,12,True,112080.0129728001
Shangela,31,5.0,9.625,38.5,4,False,6.0,6.0,8.58416945373467,4th Place,4,True,90069.30311705117
Trevor Donovan,31,5.0,9.0,36.0,4,False,7.0,7.0,8.02675585284281,Eliminated Week 9,6,True,73207.42375027183
Vinny Guadagnino,31,5.0,7.75,31.0,4,False,12.0,12.0,6.911928651059086,Eliminated Week 8,7,True,17950.905575080764
Wayne Brady,31,5.0,10.25,41.0,4,False,2.0,2.0,9.141583054626532,3rd Place,3,True,128337.0812706032
Charli D'Amelio,31,6.0,10.0,40.0,4,False,1.0,1.0,11.594202898550725,1st Place,1,True,170149.9686152624
Daniel Durant,31,6.0,8.5,34.0,4,False,5.0,5.0,9.855072463768115,Eliminated Week 9,5,True,85424.80413377822
Gabby Windey,31,6.0,9.25,37.0,4,False,2.0,2.0,10.72463768115942,2nd Place,2,True,155122.2343402745
Heidi D'Amelio,31,6.0,9.0,36.0,4,False,3.0,3.0,10.434782608695652,Eliminated Week 8,8,True,132334.61291969218
Jessie James Decker,31,6.0,8.0,32.0,4,False,9.0,9.0,9.27536231884058,Eliminated Week 6,10,True,43514.676870623545
Jordin Sparks,31,6.0,8.5,34.0,4,False,5.0,5.0,9.855072463768115,Eliminated Week 7,9,True,85424.94398224361
Shangela,31,6.0,9.0,36.0,4,False,3.0,3.0,10.434782608695652,4th Place,4,True,132334.6321119611
Trevor Donovan,31,6.0,8.5,34.0,4,False,5.0,5.0,9.855072463768115,Eliminated Week 9,6,True,85424.67782919612
Vinny Guadagnino,31,6.0,7.0,28.0,4,False,10.0,10.0,8.115942028985506,Eliminated Week 8,7,True,24844.71805843728
Wayne Brady,31,6.0,8.5,34.0,4,False,5.0,5.0,9.855072463768115,3rd Place,3,True,85424.7311385311
Charli D'Amelio,31,7.0,9.75,39.0,4,False,1.0,1.0,11.981566820276496,1st Place,1,True,178017.1293149437
Daniel Durant,31,7.0,9.125,36.5,4,False,4.0,4.0,11.213517665130569,Eliminated Week 9,5,True,122232.89887952038
Gabby Windey,31,7.0,8.875,35.5,4,False,6.0,6.0,10.906298003072196,2nd Place,2,True,93301.30055223612
Heidi D'Amelio,31,7.0,8.75,35.0,4,False,7.0,7.0,10.75268817204301,Eliminated Week 8,8,True,73343.54718077283
Jordin Sparks,31,7.0,8.625,34.5,4,False,8.0,8.0,10.599078341013826,Eliminated Week 7,9,True,52495.65124399847
Shangela,31,7.0,9.125,36.5,4,False,4.0,4.0,11.213517665130569,4th Place,4,True,122232.91063311842
Trevor Donovan,31,7.0,9.75,39.0,4,False,1.0,1.0,11.981566820276496,Eliminated Week 9,6,True,178017.22623118202
Vinny Guadagnino,31,7.0,7.875,31.5,4,False,9.0,9.0,9.67741935483871,Eliminated Week 8,7,True,29972.30177965758
Wayne Brady,31,7.0,9.5,38.0,4,False,3.0,3.0,11.674347158218126,3rd Place,3,True,150387.0341845705
Charli D'Amelio,31,8.0,11.25,45.0,4,False,1.0,1.0,14.331210191082802,1st Place,1,True,196377.30797485248
Daniel Durant,31,8.0,9.75,39.0,4,False,5.0,5.0,12.420382165605096,Eliminated Week 9,5,True,102598.294489483
Gabby Windey,31,8.0,10.0,40.0,4,False,4.0,4.0,12.738853503184714,2nd Place,2,True,138620.98312948825
Heidi D'Amelio,31,8.0,8.75,35.0,4,False,7.0,7.0,11.146496815286625,Eliminated Week 8,8,True,64573.45295011689
Shangela,31,8.0,10.5,42.0,4,False,3.0,3.0,13.375796178343949,4th Place,4,True,161986.19622771104
Trevor Donovan,31,8.0,9.75,39.0,4,False,5.0,5.0,12.420382165605096,Eliminated Week 9,6,True,102598.12519114572
Vinny Guadagnino,31,8.0,7.25,29.0,4,False,8.0,8.0,9.235668789808916,Eliminated Week 8,7,True,36868.279748084446
Wayne Brady,31,8.0,11.25,45.0,4,False,1.0,1.0,14.331210191082802,3rd Place,3,True,196377.3602891181
Charli D'Amelio,31,9.0,10.0,40.0,4,False,1.0,1.0,18.181818181818183,1st Place,1,True,247559.99708014977
Daniel Durant,31,9.0,8.625,34.5,4,False,5.0,5.0,15.681818181818183,Eliminated Week 9,5,True,106320.29914719566
Gabby Windey,31,9.0,10.0,40.0,4,False,1.0,1.0,18.181818181818183,2nd Place,2,True,247560.4417271482
Shangela,31,9.0,9.125,36.5,4,False,3.0,3.0,16.590909090909093,4th Place,4,True,168927.73751168934
Trevor Donovan,31,9.0,8.125,32.5,4,False,6.0,6.0,14.772727272727272,Eliminated Week 9,6,True,60703.30186953724
Wayne Brady,31,9.0,9.125,36.5,4,False,3.0,3.0,16.590909090909093,3rd Place,3,True,168928.22266427975
Charli D'Amelio,31,10.0,10.0,40.0,4,False,1.0,1.0,25.64102564102564,1st Place,1,True,333789.194509811
Gabby Windey,31,10.0,10.0,40.0,4,False,1.0,1.0,25.64102564102564,2nd Place,2,True,333789.3258059224
Shangela,31,10.0,9.5,38.0,4,False,3.0,3.0,24.35897435897436,4th Place,4,True,166210.6159865113
Wayne Brady,31,10.0,9.5,38.0,4,False,3.0,3.0,24.35897435897436,3rd Place,3,True,166210.8636977554
Adrian Peterson,32,1.0,6.0,18.0,3,False,5.0,5.0,7.792207792207792,Eliminated Week 4,11,True,88908.0664697695
Alyson Hannigan,32,1.0,4.333333333333333,13.0,3,False,11.0,11.0,5.627705627705628,5th Place,5,True,42275.28197403016
Ariana Madix,32,1.0,7.0,21.0,3,False,2.0,2.0,9.090909090909092,3rd Place,3,True,113305.70899793718
Barry Williams,32,1.0,5.333333333333333,16.0,3,False,8.0,8.0,6.926406926406926,Eliminated Week 8,7,True,68141.08890327909
Charity Lawson,32,1.0,7.333333333333333,22.0,3,False,1.0,1.0,9.523809523809524,4th Place,4,True,125356.7370884149
Harry Jowsey,32,1.0,4.0,12.0,3,False,12.0,12.0,5.194805194805195,Eliminated Week 9,6,True,23786.008058600528
Jamie Lynn Spears,32,1.0,5.0,15.0,3,False,9.0,9.0,6.493506493506493,Eliminated Week 2,13,True,55384.400624205584
Jason Mraz,32,1.0,7.0,21.0,3,False,2.0,2.0,9.090909090909092,2nd Place,2,True,113305.79828877648
Lele Pons,32,1.0,6.333333333333333,19.0,3,False,4.0,4.0,8.225108225108226,Eliminated Week 7,8,True,101163.40554846633
Matt Walsh,32,1.0,4.0,12.0,3,False,12.0,12.0,5.194805194805195,Eliminated Week 1,14,True,23785.982768199952
Mauricio Umansky,32,1.0,5.0,15.0,3,False,9.0,9.0,6.493506493506493,Eliminated Week 6,9,True,55384.34575645327
Mira Sorvino,32,1.0,5.666666666666667,17.0,3,False,7.0,7.0,7.35930735930736,Eliminated Week 5,10,True,76509.07402344346
Tyson Beckford,32,1.0,4.0,12.0,3,False,12.0,12.0,5.194805194805195,Eliminated Week 3,12,True,23786.0066296871
Xochitl Gomez,32,1.0,6.0,18.0,3,False,5.0,5.0,7.792207792207792,1st Place,1,True,88908.09486873656
Adrian Peterson,32,2.0,5.0,15.0,3,False,10.0,10.0,6.302521008403361,Eliminated Week 4,11,True,38011.22940686175
Alyson Hannigan,32,2.0,6.333333333333333,19.0,3,False,6.0,6.0,7.9831932773109235,5th Place,5,True,87511.33576253074
Ariana Madix,32,2.0,6.666666666666667,20.0,3,False,5.0,5.0,8.403361344537815,3rd Place,3,True,96986.48429870426
Barry Williams,32,2.0,5.0,15.0,3,False,10.0,10.0,6.302521008403361,Eliminated Week 8,7,True,38011.27722221579
Charity Lawson,32,2.0,7.0,21.0,3,False,3.0,3.0,8.823529411764707,4th Place,4,True,111054.25408117438
Harry Jowsey,32,2.0,5.0,15.0,3,False,10.0,10.0,6.302521008403361,Eliminated Week 9,6,True,38011.227133430846
Jamie Lynn Spears,32,2.0,5.333333333333333,16.0,3,False,9.0,9.0,6.722689075630252,Eliminated Week 2,13,True,58404.68524130737
Jason Mraz,32,2.0,8.0,24.0,3,False,1.0,1.0,10.084033613445378,2nd Place,2,True,129599.49781127067
Lele Pons,32,2.0,7.0,21.0,3,False,3.0,3.0,8.823529411764707,Eliminated Week 7,8,True,111054.25307033224
Mauricio Umansky,32,2.0,4.0,12.0,3,False,13.0,13.0,5.042016806722689,Eliminated Week 6,9,True,15533.66240106115
Mira Sorvino,32,2.0,6.0,18.0,3,False,7.0,7.0,7.563025210084033,Eliminated Week 5,10,True,73111.35209969996
Tyson Beckford,32,2.0,6.0,18.0,3,False,7.0,7.0,7.563025210084033,Eliminated Week 3,12,True,73111.27148075971
Xochitl Gomez,32,2.0,8.0,24.0,3,False,1.0,1.0,10.084033613445378,1st Place,1,True,129599.46999065112
Adrian Peterson,32,3.0,5.5,22.0,4,False,11.0,11.0,6.811145510835913,Eliminated Week 4,11,True,31439.41905523143
Alyson Hannigan,32,3.0,6.0,24.0,4,False,8.0,8.0,7.430340557275541,5th Place,5,True,61719.25161038258
Ariana Madix,32,3.0,8.5,34.0,4,False,1.0,1.0,10.526315789473683,3rd Place,3,True,139078.25440794032
Barry Williams,32,3.0,6.25,25.0,4,False,7.0,7.0,7.739938080495357,Eliminated Week 8,7,True,78867.36016723499
Charity Lawson,32,3.0,8.0,32.0,4,False,3.0,3.0,9.907120743034056,4th Place,4,True,117515.0407531857
Harry Jowsey,32,3.0,6.0,24.0,4,False,8.0,8.0,7.430340557275541,Eliminated Week 9,6,True,61719.31837442724
Jason Mraz,32,3.0,8.5,34.0,4,False,1.0,1.0,10.526315789473683,2nd Place,2,True,139078.2465481979
Lele Pons,32,3.0,6.75,27.0,4,False,5.0,5.0,8.359133126934983,Eliminated Week 7,8,True,101126.5177824067
Mauricio Umansky,32,3.0,5.75,23.0,4,False,10.0,10.0,7.120743034055728,Eliminated Week 6,9,True,43925.04896936726
Mira Sorvino,32,3.0,6.5,26.0,4,False,6.0,6.0,8.04953560371517,Eliminated Week 5,10,True,90066.13474221782
Tyson Beckford,32,3.0,5.0,20.0,4,False,12.0,12.0,6.191950464396285,Eliminated Week 3,12,True,17950.354617929566
Xochitl Gomez,32,3.0,8.0,32.0,4,False,3.0,3.0,9.907120743034056,1st Place,1,True,117515.05297147844
Adrian Peterson,32,4.0,7.0,21.0,3,False,6.0,6.0,8.75,Eliminated Week 4,11,True,78837.05379248547
Alyson Hannigan,32,4.0,6.0,18.0,3,False,10.0,10.0,7.5,5th Place,5,True,29055.537773725395
Ariana Madix,32,4.0,8.333333333333334,25.0,3,False,2.0,2.0,10.416666666666668,3rd Place,3,True,143598.8825678617
Barry Williams,32,4.0,6.0,18.0,3,False,10.0,10.0,7.5,Eliminated Week 8,7,True,29055.484561162164
Charity Lawson,32,4.0,8.0,24.0,3,False,3.0,3.0,10.0,4th Place,4,True,124535.9783953608
Harry Jowsey,32,4.0,7.0,21.0,3,False,6.0,6.0,8.75,Eliminated Week 9,6,True,78837.07058606205
Jason Mraz,32,4.0,8.0,24.0,3,False,3.0,3.0,10.0,2nd Place,2,True,124535.93292033812
Lele Pons,32,4.0,7.333333333333333,22.0,3,False,5.0,5.0,9.166666666666666,Eliminated Week 7,8,True,105206.58870590285
Mauricio Umansky,32,4.0,6.333333333333333,19.0,3,False,9.0,9.0,7.916666666666666,Eliminated Week 6,9,True,51309.10033379416
Mira Sorvino,32,4.0,7.0,21.0,3,False,6.0,6.0,8.75,Eliminated Week 5,10,True,78837.04334566288
Xochitl Gomez,32,4.0,9.0,27.0,3,False,1.0,1.0,11.25,1st Place,1,True,156191.32701764433
Alyson Hannigan,32,5.0,7.0,21.0,3,False,9.0,9.0,8.75,5th Place,5,True,43527.5133739647
Ariana Madix,32,5.0,8.0,24.0,3,False,4.0,4.0,10.0,3rd Place,3,True,101350.96350741932
Barry Williams,32,5.0,8.0,24.0,3,False,4.0,4.0,10.0,Eliminated Week 8,7,True,101350.7255451632
Charity Lawson,32,5.0,9.333333333333334,28.0,3,False,1.0,1.0,11.666666666666666,4th Place,4,True,162697.6940489382
Harry Jowsey,32,5.0,6.0,18.0,3,False,10.0,10.0,7.5,Eliminated Week 9,6,True,24851.92594377284
Jason Mraz,32,5.0,9.0,27.0,3,False,3.0,3.0,11.25,2nd Place,2,True,140008.2078465732
Lele Pons,32,5.0,8.0,24.0,3,False,4.0,4.0,10.0,Eliminated Week 7,8,True,101350.68564295612
Mauricio Umansky,32,5.0,8.0,24.0,3,False,4.0,4.0,10.0,Eliminated Week 6,9,True,101350.85961726702
Mira Sorvino,32,5.0,7.333333333333333,22.0,3,False,8.0,8.0,9.166666666666666,Eliminated Week 5,10,True,60813.81682397815
Xochitl Gomez,32,5.0,9.333333333333334,28.0,3,False,1.0,1.0,11.666666666666666,1st Place,1,True,162697.6076499672
Alyson Hannigan,32,6.0,7.75,31.0,4,False,8.0,8.0,9.627329192546584,5th Place,5,False,52502.388818253
Ariana Madix,32,6.0,10.25,41.0,4,False,2.0,2.0,12.732919254658384,3rd Place,3,False,168876.43104503758
Barry Williams,32,6.0,8.0,32.0,4,False,7.0,7.0,9.937888198757763,Eliminated Week 8,7,False,73352.82699939744
Charity Lawson,32,6.0,9.5,38.0,4,False,4.0,4.0,11.801242236024844,4th Place,4,False,131704.86352051343
Harry Jowsey,32,6.0,7.25,29.0,4,False,9.0,9.0,9.006211180124224,Eliminated Week 9,6,False,29976.00937492753
Jason Mraz,32,6.0,9.75,39.0,4,False,3.0,3.0,12.111801242236025,2nd Place,2,False,150405.99931553562
Lele Pons,32,6.0,9.25,37.0,4,False,5.0,5.0,11.490683229813664,Eliminated Week 7,8,False,112707.39374124345
Mauricio Umansky,32,6.0,8.25,33.0,4,False,6.0,6.0,10.248447204968944,Eliminated Week 6,9,False,93312.99215367624
Xochitl Gomez,32,6.0,10.5,42.0,4,False,1.0,1.0,13.043478260869565,1st Place,1,False,187161.09503141575
Alyson Hannigan,32,7.0,8.75,35.0,4,False,6.0,6.0,12.411347517730496,5th Place,5,True,90224.16027210142
Ariana Madix,32,7.0,9.25,37.0,4,False,1.0,1.0,13.120567375886525,3rd Place,3,True,196390.80931639345
Barry Williams,32,7.0,8.125,32.5,4,False,7.0,7.0,11.52482269503546,Eliminated Week 8,7,True,64577.78136356076
Charity Lawson,32,7.0,9.0,36.0,4,False,4.0,4.0,12.76595744680851,4th Place,4,True,126774.35002255291
Harry Jowsey,32,7.0,8.0,32.0,4,False,8.0,8.0,11.347517730496454,Eliminated Week 9,6,True,36870.70512672325
Jason Mraz,32,7.0,9.0,36.0,4,False,4.0,4.0,12.76595744680851,2nd Place,2,True,126774.3659031838
Lele Pons,32,7.0,9.125,36.5,4,False,3.0,3.0,12.943262411347517,Eliminated Week 7,8,True,161997.14457154585
Xochitl Gomez,32,7.0,9.25,37.0,4,False,1.0,1.0,13.120567375886525,1st Place,1,True,196390.68342393855
Alyson Hannigan,32,8.0,9.0,36.0,4,False,4.0,4.0,14.229249011857709,5th Place,5,False,144904.7816477127
Ariana Madix,32,8.0,10.5,42.0,4,False,1.0,1.0,16.600790513833992,3rd Place,3,False,233563.0830787137
Barry Williams,32,8.0,8.75,35.0,4,False,5.0,5.0,13.83399209486166,Eliminated Week 8,7,False,113908.65071274184
Charity Lawson,32,8.0,9.75,39.0,4,False,3.0,3.0,15.41501976284585,4th Place,4,False,175021.4110167952
Harry Jowsey,32,8.0,7.0,28.0,4,False,7.0,7.0,11.067193675889328,Eliminated Week 9,6,False,46549.43633293894
Jason Mraz,32,8.0,8.25,33.0,4,False,6.0,6.0,13.043478260869565,2nd Place,2,False,81530.23755565059
Xochitl Gomez,32,8.0,10.0,40.0,4,False,2.0,2.0,15.810276679841898,1st Place,1,False,204522.39965544708
Alyson Hannigan,32,9.0,8.0,32.0,4,False,5.0,5.0,14.479638009049776,5th Place,5,False,106375.66341567544
Ariana Madix,32,9.0,9.25,37.0,4,False,4.0,4.0,16.7420814479638,3rd Place,3,False,148621.399322208
Charity Lawson,32,9.0,9.5,38.0,4,False,3.0,3.0,17.194570135746606,4th Place,4,False,189062.43310562643
Harry Jowsey,32,9.0,7.5,30.0,4,False,6.0,6.0,13.574660633484164,Eliminated Week 9,6,False,60734.71850144787
Jason Mraz,32,9.0,10.75,43.0,4,False,1.0,1.0,19.457013574660635,2nd Place,2,False,266848.246235105
Xochitl Gomez,32,9.0,10.25,41.0,4,False,2.0,2.0,18.552036199095024,1st Place,1,False,228357.5394199373
Alyson Hannigan,32,10.0,8.5,25.5,3,False,5.0,5.0,17.894736842105264,5th Place,5,False,82840.59529759228
Ariana Madix,32,10.0,9.666666666666666,29.0,3,False,3.0,3.0,20.35087719298245,3rd Place,3,False,202715.1261105136
Charity Lawson,32,10.0,9.833333333333334,29.5,3,False,2.0,2.0,20.701754385964914,4th Place,4,False,257877.3076513906
Jason Mraz,32,10.0,9.5,28.5,3,False,4.0,4.0,20.0,2nd Place,2,False,145093.42195610452
Xochitl Gomez,32,10.0,10.0,30.0,3,False,1.0,1.0,21.052631578947366,1st Place,1,False,311473.54898439895
Alyson Hannigan,32,11.0,8.833333333333334,26.5,3,False,5.0,5.0,18.213058419243985,5th Place,5,True,82749.00740221614
Ariana Madix,32,11.0,9.833333333333334,29.5,3,False,3.0,3.0,20.27491408934708,3rd Place,3,True,174105.6051857271
Charity Lawson,32,11.0,9.833333333333334,29.5,3,False,3.0,3.0,20.27491408934708,4th Place,4,True,174105.75019657495
Jason Mraz,32,11.0,10.0,30.0,3,False,1.0,1.0,20.61855670103093,2nd Place,2,True,284519.55195079406
Xochitl Gomez,32,11.0,10.0,30.0,3,False,1.0,1.0,20.61855670103093,1st Place,1,True,284520.0852646878
Anna Delvey,33,1.0,6.0,18.0,3,False,8.0,8.0,7.28744939271255,Eliminated Week 2,12,True,58420.69497079505
Brooks Nader,33,1.0,6.0,18.0,3,False,8.0,8.0,7.28744939271255,Eliminated Week 4,9,True,58420.82783831889
Chandler Kinney,33,1.0,7.666666666666667,23.0,3,False,1.0,1.0,9.31174089068826,3rd Place,3,True,134241.55877098575
Danny Amendola,33,1.0,6.666666666666667,20.0,3,False,5.0,5.0,8.097165991902834,5th Place,5,True,97012.97964221584
Dwight Howard,33,1.0,7.333333333333333,22.0,3,False,2.0,2.0,8.906882591093117,Eliminated Week 7,6,True,125016.92694117408
Eric Roberts,33,1.0,5.0,15.0,3,False,13.0,13.0,6.0728744939271255,Eliminated Week 3,10,True,15537.806447885994
Ilona Maher,33,1.0,6.0,18.0,3,False,8.0,8.0,7.28744939271255,2nd Place,2,True,58420.69510883525
Jenn Tran,33,1.0,6.333333333333333,19.0,3,False,6.0,6.0,7.6923076923076925,Eliminated Week 6,7,True,82761.59459303238
Joey Graziadei,33,1.0,7.0,21.0,3,False,3.0,3.0,8.502024291497975,1st Place,1,True,111084.7885814059
Phaedra Parks,33,1.0,6.333333333333333,19.0,3,False,6.0,6.0,7.6923076923076925,Eliminated Week 5,8,True,82761.72259576787
Reginald VelJohnson,33,1.0,5.333333333333333,16.0,3,False,12.0,12.0,6.477732793522267,Eliminated Week 3,10,True,27214.1014960758
Stephen Nedoroscik,33,1.0,7.0,21.0,3,False,3.0,3.0,8.502024291497975,4th Place,4,True,111084.6225171352
Tori Spelling,33,1.0,5.666666666666667,17.0,3,False,11.0,11.0,6.882591093117409,Eliminated Week 2,12,True,38021.68049637196
Anna Delvey,33,2.0,5.666666666666667,17.0,3,False,11.0,11.0,6.5891472868217065,Eliminated Week 2,12,True,38011.130075663474
Brooks Nader,33,2.0,6.666666666666667,20.0,3,False,8.0,8.0,7.751937984496124,Eliminated Week 4,9,True,68249.02999911532
Chandler Kinney,33,2.0,8.0,24.0,3,False,1.0,1.0,9.30232558139535,3rd Place,3,True,134204.40578837055
Danny Amendola,33,2.0,7.0,21.0,3,False,5.0,5.0,8.13953488372093,5th Place,5,True,87511.15909088467
Dwight Howard,33,2.0,7.333333333333333,22.0,3,False,2.0,2.0,8.527131782945736,Eliminated Week 7,6,True,115710.85747606149
Eric Roberts,33,2.0,5.0,15.0,3,False,12.0,12.0,5.813953488372093,Eliminated Week 3,10,True,21525.200330144515
Ilona Maher,33,2.0,7.0,21.0,3,False,5.0,5.0,8.13953488372093,2nd Place,2,True,87511.21907112058
Jenn Tran,33,2.0,6.333333333333333,19.0,3,False,9.0,9.0,7.3643410852713185,Eliminated Week 6,7,True,53409.57701915354
Joey Graziadei,33,2.0,7.333333333333333,22.0,3,False,2.0,2.0,8.527131782945736,1st Place,1,True,115710.80718389864
Phaedra Parks,33,2.0,7.0,21.0,3,False,5.0,5.0,8.13953488372093,Eliminated Week 5,8,True,87511.0548886044
Reginald VelJohnson,33,2.0,5.0,15.0,3,False,12.0,12.0,5.813953488372093,Eliminated Week 3,10,True,21525.185788526484
Stephen Nedoroscik,33,2.0,7.333333333333333,22.0,3,False,2.0,2.0,8.527131782945736,4th Place,4,True,115710.78016535188
Tori Spelling,33,2.0,6.333333333333333,19.0,3,False,9.0,9.0,7.3643410852713185,Eliminated Week 2,12,True,53409.59312310452
Brooks Nader,33,3.0,7.625,30.5,4,False,5.0,5.0,9.59119496855346,Eliminated Week 4,9,True,105271.2993165385
Chandler Kinney,33,3.0,8.625,34.5,4,False,2.0,2.0,10.849056603773583,3rd Place,3,True,143687.29970809247
Danny Amendola,33,3.0,7.5,30.0,4,False,6.0,6.0,9.433962264150944,5th Place,5,True,92182.22136602008
Dwight Howard,33,3.0,6.5,26.0,4,False,9.0,9.0,8.176100628930817,Eliminated Week 7,6,True,51340.754323378205
Eric Roberts,33,3.0,5.75,23.0,4,False,10.0,10.0,7.232704402515723,Eliminated Week 3,10,True,36747.01416154132
Ilona Maher,33,3.0,7.0,28.0,4,False,7.0,7.0,8.80503144654088,2nd Place,2,True,72138.93622525677
Jenn Tran,33,3.0,7.75,31.0,4,False,3.0,3.0,9.748427672955977,Eliminated Week 6,7,True,124612.50011826838
Joey Graziadei,33,3.0,8.75,35.0,4,False,1.0,1.0,11.0062893081761,1st Place,1,True,156287.48683921067
Phaedra Parks,33,3.0,7.0,28.0,4,False,7.0,7.0,8.80503144654088,Eliminated Week 5,8,True,72139.11409812451
Reginald VelJohnson,33,3.0,5.25,21.0,4,False,11.0,11.0,6.60377358490566,Eliminated Week 3,10,True,20980.64801637305
Stephen Nedoroscik,33,3.0,7.75,31.0,4,False,3.0,3.0,9.748427672955977,4th Place,4,True,124612.72582719607
Brooks Nader,33,4.0,8.0,32.0,4,False,4.0,4.0,10.884353741496598,Eliminated Week 4,9,True,93031.45940265864
Chandler Kinney,33,4.0,8.0,32.0,4,False,4.0,4.0,10.884353741496598,3rd Place,3,True,93031.56150604198
Danny Amendola,33,4.0,9.0,36.0,4,False,1.0,1.0,12.244897959183673,5th Place,5,True,177502.33529805738
Dwight Howard,33,4.0,7.25,29.0,4,False,9.0,9.0,9.863945578231291,Eliminated Week 7,6,True,29885.631145039235
Ilona Maher,33,4.0,8.0,32.0,4,False,4.0,4.0,10.884353741496598,2nd Place,2,True,93031.64935457878
Jenn Tran,33,4.0,8.0,32.0,4,False,4.0,4.0,10.884353741496598,Eliminated Week 6,7,True,93031.65826163803
Joey Graziadei,33,4.0,9.0,36.0,4,False,1.0,1.0,12.244897959183673,1st Place,1,True,177502.29829168774
Phaedra Parks,33,4.0,8.0,32.0,4,False,4.0,4.0,10.884353741496598,Eliminated Week 5,8,True,93031.375734447
Stephen Nedoroscik,33,4.0,8.25,33.0,4,False,3.0,3.0,11.224489795918368,4th Place,4,True,149952.03100585114
Chandler Kinney,33,5.0,9.0,27.0,3,False,1.0,1.0,13.366336633663368,3rd Place,3,True,207287.8134254788
Danny Amendola,33,5.0,8.5,25.5,3,False,4.0,4.0,12.623762376237623,5th Place,5,True,126511.35993306126
Dwight Howard,33,5.0,8.0,24.0,3,False,6.0,6.0,11.88118811881188,Eliminated Week 7,6,True,64444.17015200013
Ilona Maher,33,5.0,8.666666666666666,26.0,3,False,2.0,2.0,12.871287128712872,2nd Place,2,True,173178.66786530157
Jenn Tran,33,5.0,8.5,25.5,3,False,4.0,4.0,12.623762376237623,Eliminated Week 6,7,True,126511.29698806404
Joey Graziadei,33,5.0,8.666666666666666,26.0,3,False,2.0,2.0,12.871287128712872,1st Place,1,True,173178.40554952592
Phaedra Parks,33,5.0,8.0,24.0,3,False,6.0,6.0,11.88118811881188,Eliminated Week 5,8,True,64444.12324014479
Stephen Nedoroscik,33,5.0,8.0,24.0,3,False,6.0,6.0,11.88118811881188,4th Place,4,True,64444.16284642345
Chandler Kinney,33,6.0,10.666666666666666,32.0,3,False,1.0,1.0,15.53398058252427,3rd Place,3,True,218934.6454154132
Danny Amendola,33,6.0,9.333333333333334,28.0,3,False,5.0,5.0,13.592233009708735,5th Place,5,True,97869.92449298134
Dwight Howard,33,6.0,10.333333333333334,31.0,3,False,3.0,3.0,15.048543689320388,Eliminated Week 7,6,True,159937.54830338442
Ilona Maher,33,6.0,8.0,24.0,3,False,7.0,7.0,11.650485436893204,2nd Place,2,True,46516.131486642735
Jenn Tran,33,6.0,10.333333333333334,31.0,3,False,3.0,3.0,15.048543689320388,Eliminated Week 6,7,True,159937.4734934106
Joey Graziadei,33,6.0,10.666666666666666,32.0,3,False,1.0,1.0,15.53398058252427,1st Place,1,True,218934.25364459705
Stephen Nedoroscik,33,6.0,9.333333333333334,28.0,3,False,5.0,5.0,13.592233009708735,4th Place,4,True,97870.02316357067
Chandler Kinney,33,7.0,10.0,30.0,3,False,1.0,1.0,18.75,3rd Place,3,False,266848.48084050213
Danny Amendola,33,7.0,8.5,25.5,3,False,5.0,5.0,15.937499999999998,5th Place,5,False,106375.01872183496
Dwight Howard,33,7.0,8.0,24.0,3,False,6.0,6.0,15.0,Eliminated Week 7,6,False,60734.76780821221
Ilona Maher,33,7.0,8.666666666666666,26.0,3,False,4.0,4.0,16.25,2nd Place,2,False,148620.4487243517
Joey Graziadei,33,7.0,9.166666666666666,27.5,3,False,2.0,2.0,17.1875,1st Place,1,False,228358.6590669655
Stephen Nedoroscik,33,7.0,9.0,27.0,3,False,3.0,3.0,16.875,4th Place,4,False,189062.6248381335
Chandler Kinney,33,8.0,9.666666666666666,29.0,3,False,1.0,1.0,20.714285714285715,3rd Place,3,True,284744.1983382248
Danny Amendola,33,8.0,9.0,27.0,3,False,4.0,4.0,19.28571428571429,5th Place,5,True,145046.81167754726
Ilona Maher,33,8.0,9.5,28.5,3,False,3.0,3.0,20.357142857142858,2nd Place,2,True,202650.17287084457
Joey Graziadei,33,8.0,9.666666666666666,29.0,3,False,1.0,1.0,20.714285714285715,1st Place,1,True,284744.6260455464
Stephen Nedoroscik,33,8.0,8.833333333333334,26.5,3,False,5.0,5.0,18.928571428571427,4th Place,4,True,82814.19106783692
Chandler Kinney,33,9.0,10.0,30.0,3,False,1.0,1.0,20.61855670103093,3rd Place,3,True,311326.39060789323
Danny Amendola,33,9.0,9.333333333333334,28.0,3,False,5.0,5.0,19.24398625429553,5th Place,5,True,82801.36385932262
Ilona Maher,33,9.0,9.5,28.5,3,False,4.0,4.0,19.587628865979383,2nd Place,2,True,145024.2363849568
Joey Graziadei,33,9.0,9.833333333333334,29.5,3,False,2.0,2.0,20.27491408934708,1st Place,1,True,230424.28868561875
Stephen Nedoroscik,33,9.0,9.833333333333334,29.5,3,False,2.0,2.0,20.27491408934708,4th Place,4,True,230423.72046220856
Alix Earle,34,1.0,6.5,13.0,2,False,4.0,4.0,7.926829268292683,2nd Place,2,True,97082.7842384574
Andy Richter,34,1.0,4.5,9.0,2,False,13.0,13.0,5.487804878048781,Eliminated Week 9,7,True,18817.12170094217
Baron Davis,34,1.0,5.0,10.0,2,False,9.0,9.0,6.097560975609756,Eliminated Week 2,13,True,46690.403858884674
Corey Feldman,34,1.0,4.5,9.0,2,False,13.0,13.0,5.487804878048781,Eliminated Week 2,13,True,18817.11358271315
Danielle Fishel,34,1.0,6.0,12.0,2,False,6.0,6.0,7.317073170731707,Eliminated Week 8,8,True,76501.75378799812
Dylan Efron,34,1.0,5.0,10.0,2,False,9.0,9.0,6.097560975609756,4th Place,4,True,46690.4054085609
Elaine Hendrix,34,1.0,6.0,12.0,2,False,6.0,6.0,7.317073170731707,5th Place,5,True,76501.75251283927
Hilaria Baldwin,34,1.0,7.0,14.0,2,False,3.0,3.0,8.536585365853659,Eliminated Week 4,11,True,109258.90781901283
Jen Affleck,34,1.0,6.0,12.0,2,False,6.0,6.0,7.317073170731707,Eliminated Week 7,9,True,76501.76051846791
Jordan Chiles,34,1.0,5.0,10.0,2,False,9.0,9.0,6.097560975609756,3rd Place,3,True,46690.40448156353
Lauren Jauregui,34,1.0,6.5,13.0,2,False,4.0,4.0,7.926829268292683,Eliminated Week 3,12,True,97082.7829474204
Robert Irwin,34,1.0,7.5,15.0,2,False,1.0,1.0,9.146341463414634,1st Place,1,True,121337.20149510396
Scott Hoying,34,1.0,5.0,10.0,2,False,9.0,9.0,6.097560975609756,Eliminated Week 6,10,True,46690.40661532482
Whitney Leavitt,34,1.0,7.5,15.0,2,False,1.0,1.0,9.146341463414634,Eliminated Week 10,6,True,121337.20103271086
Alix Earle,34,2.0,7.0,21.0,3,False,5.0,5.0,7.553956834532374,2nd Place,2,True,80697.03351590777
Andy Richter,34,2.0,5.333333333333333,16.0,3,False,13.0,13.0,5.755395683453238,Eliminated Week 9,7,True,23796.8611680611
Baron Davis,34,2.0,6.0,18.0,3,False,11.0,11.0,6.474820143884892,Eliminated Week 2,13,True,37809.79440341222
Corey Feldman,34,2.0,5.0,15.0,3,False,14.0,14.0,5.39568345323741,Eliminated Week 2,13,True,13586.71559615903
Danielle Fishel,34,2.0,6.333333333333333,19.0,3,False,10.0,10.0,6.83453237410072,Eliminated Week 8,8,True,51085.00361289216
Dylan Efron,34,2.0,6.666666666666667,20.0,3,False,9.0,9.0,7.194244604316546,4th Place,4,True,59695.46398541381
Elaine Hendrix,34,2.0,7.0,21.0,3,False,5.0,5.0,7.553956834532374,5th Place,5,True,80696.96560071337
Hilaria Baldwin,34,2.0,7.0,21.0,3,False,5.0,5.0,7.553956834532374,Eliminated Week 4,11,True,80696.99513954979
Jen Affleck,34,2.0,7.333333333333333,22.0,3,False,1.0,1.0,7.913669064748201,Eliminated Week 7,9,True,113357.12824540913
Jordan Chiles,34,2.0,7.333333333333333,22.0,3,False,1.0,1.0,7.913669064748201,3rd Place,3,True,113357.04395624914
Lauren Jauregui,34,2.0,7.0,21.0,3,False,5.0,5.0,7.553956834532374,Eliminated Week 3,12,True,80697.04192547759
Robert Irwin,34,2.0,7.333333333333333,22.0,3,False,1.0,1.0,7.913669064748201,1st Place,1,True,113357.08016424876
Scott Hoying,34,2.0,6.0,18.0,3,False,11.0,11.0,6.474820143884892,Eliminated Week 6,10,True,37809.79826139957
Whitney Leavitt,34,2.0,7.333333333333333,22.0,3,False,1.0,1.0,7.913669064748201,Eliminated Week 10,6,True,113357.0744251066
Alix Earle,34,3.0,7.666666666666667,23.0,3,False,3.0,3.0,8.949416342412452,2nd Place,2,True,117456.66234049037
Andy Richter,34,3.0,6.0,18.0,3,False,11.0,11.0,7.003891050583658,Eliminated Week 9,7,True,24861.73513136738
Danielle Fishel,34,3.0,7.0,21.0,3,False,8.0,8.0,8.171206225680933,Eliminated Week 8,8,True,61688.69394296304
Dylan Efron,34,3.0,7.666666666666667,23.0,3,False,3.0,3.0,8.949416342412452,4th Place,4,True,117456.6553746547
Elaine Hendrix,34,3.0,7.0,21.0,3,False,8.0,8.0,8.171206225680933,5th Place,5,True,61688.71573706883
Hilaria Baldwin,34,3.0,7.333333333333333,22.0,3,False,5.0,5.0,8.560311284046692,Eliminated Week 4,11,True,90021.34075252974
Jen Affleck,34,3.0,6.333333333333333,19.0,3,False,10.0,10.0,7.392996108949417,Eliminated Week 7,9,True,43903.31328149874
Jordan Chiles,34,3.0,8.0,24.0,3,False,1.0,1.0,9.33852140077821,3rd Place,3,True,139009.23348050183
Lauren Jauregui,34,3.0,6.0,18.0,3,False,11.0,11.0,7.003891050583658,Eliminated Week 3,12,True,24861.74005442936
Robert Irwin,34,3.0,7.333333333333333,22.0,3,False,5.0,5.0,8.560311284046692,1st Place,1,True,90021.35373700011
Scott Hoying,34,3.0,7.333333333333333,22.0,3,False,5.0,5.0,8.560311284046692,Eliminated Week 6,10,True,90021.33602071402
Whitney Leavitt,34,3.0,8.0,24.0,3,False,1.0,1.0,9.33852140077821,Eliminated Week 10,6,True,139009.2201467818
Alix Earle,34,4.0,8.0,24.0,3,False,2.0,2.0,9.67741935483871,2nd Place,2,True,130943.97536629
Andy Richter,34,4.0,6.0,18.0,3,False,11.0,11.0,7.258064516129033,Eliminated Week 9,7,True,20972.19453987983
Danielle Fishel,34,4.0,7.0,21.0,3,False,9.0,9.0,8.46774193548387,Eliminated Week 8,8,True,44125.89543631301
Dylan Efron,34,4.0,7.666666666666667,23.0,3,False,5.0,5.0,9.274193548387096,4th Place,4,True,92144.86705568328
Elaine Hendrix,34,4.0,8.0,24.0,3,False,2.0,2.0,9.67741935483871,5th Place,5,True,130943.9337069118
Hilaria Baldwin,34,4.0,7.666666666666667,23.0,3,False,5.0,5.0,9.274193548387096,Eliminated Week 4,11,True,92144.93570065984
Jen Affleck,34,4.0,7.666666666666667,23.0,3,False,5.0,5.0,9.274193548387096,Eliminated Week 7,9,True,92144.820174283
Jordan Chiles,34,4.0,8.0,24.0,3,False,2.0,2.0,9.67741935483871,3rd Place,3,True,130943.90311483732
Robert Irwin,34,4.0,7.333333333333333,22.0,3,False,8.0,8.0,8.870967741935484,1st Place,1,True,65285.01958536253
Scott Hoying,34,4.0,7.0,21.0,3,False,9.0,9.0,8.46774193548387,Eliminated Week 6,10,True,44125.93949057508
Whitney Leavitt,34,4.0,8.333333333333334,25.0,3,False,1.0,1.0,10.080645161290322,Eliminated Week 10,6,True,156224.51582920426
Alix Earle,34,5.0,8.75,35.0,4,False,2.0,2.0,11.182108626198085,2nd Place,2,True,147660.90186609837
Andy Richter,34,5.0,6.0,24.0,4,False,10.0,10.0,7.667731629392971,Eliminated Week 9,7,True,24861.19249129048
Danielle Fishel,34,5.0,7.25,29.0,4,False,8.0,8.0,9.26517571884984,Eliminated Week 8,8,True,52308.33507714571
Dylan Efron,34,5.0,9.0,36.0,4,False,1.0,1.0,11.501597444089455,4th Place,4,True,170263.3680756767
Elaine Hendrix,34,5.0,7.5,30.0,4,False,6.0,6.0,9.584664536741212,5th Place,5,True,85481.47892144568
Jen Affleck,34,5.0,7.25,29.0,4,False,8.0,8.0,9.26517571884984,Eliminated Week 7,9,True,52308.43901884063
Jordan Chiles,34,5.0,8.0,32.0,4,False,5.0,5.0,10.22364217252396,3rd Place,3,True,109231.87002681162
Robert Irwin,34,5.0,8.75,35.0,4,False,2.0,2.0,11.182108626198085,1st Place,1,True,147660.75081077745
Scott Hoying,34,5.0,7.5,30.0,4,False,6.0,6.0,9.584664536741212,Eliminated Week 6,10,True,85481.69261474497
Whitney Leavitt,34,5.0,8.25,33.0,4,False,4.0,4.0,10.543130990415335,Eliminated Week 10,6,True,124741.9710971684
Alix Earle,34,6.0,8.75,35.0,4,False,6.0,6.0,10.294117647058822,2nd Place,2,True,93476.46065463236
Andy Richter,34,6.0,6.75,27.0,4,False,10.0,10.0,7.941176470588235,Eliminated Week 9,7,True,24861.615689222734
Danielle Fishel,34,6.0,9.0,36.0,4,False,3.0,3.0,10.588235294117649,Eliminated Week 8,8,True,124742.6312478096
Dylan Efron,34,6.0,8.0,32.0,4,False,7.0,7.0,9.411764705882351,4th Place,4,True,69185.2137073067
Elaine Hendrix,34,6.0,9.0,36.0,4,False,3.0,3.0,10.588235294117649,5th Place,5,True,124742.66474787593
Jen Affleck,34,6.0,8.0,32.0,4,False,7.0,7.0,9.411764705882351,Eliminated Week 7,9,True,69185.19886910912
Jordan Chiles,34,6.0,9.75,39.0,4,False,1.0,1.0,11.470588235294118,3rd Place,3,True,162759.7639908667
Robert Irwin,34,6.0,9.0,36.0,4,False,3.0,3.0,10.588235294117649,1st Place,1,True,124742.68510318625
Scott Hoying,34,6.0,7.0,28.0,4,False,9.0,9.0,8.235294117647058,Eliminated Week 6,10,True,43544.01575022917
Whitney Leavitt,34,6.0,9.75,39.0,4,False,1.0,1.0,11.470588235294118,Eliminated Week 10,6,True,162759.75023976137
Alix Earle,34,7.0,10.75,43.0,4,False,1.0,1.0,12.951807228915662,2nd Place,2,True,187145.04794720604
Andy Richter,34,7.0,7.25,29.0,4,False,9.0,9.0,8.734939759036145,Eliminated Week 9,7,True,29973.51812185733
Danielle Fishel,34,7.0,8.75,35.0,4,False,6.0,6.0,10.542168674698797,Eliminated Week 8,8,True,93305.5557972323
Dylan Efron,34,7.0,9.5,38.0,4,False,4.0,4.0,11.44578313253012,4th Place,4,True,122237.96856529612
Elaine Hendrix,34,7.0,8.0,32.0,4,False,8.0,8.0,9.63855421686747,5th Place,5,True,52497.98031623258
Jen Affleck,34,7.0,8.5,34.0,4,False,7.0,7.0,10.240963855421686,Eliminated Week 7,9,True,73346.62185267537
Jordan Chiles,34,7.0,9.5,38.0,4,False,4.0,4.0,11.44578313253012,3rd Place,3,True,122238.01977131994
Robert Irwin,34,7.0,10.25,41.0,4,False,3.0,3.0,12.349397590361445,1st Place,1,True,150393.0990779207
Whitney Leavitt,34,7.0,10.5,42.0,4,False,2.0,2.0,12.650602409638552,Eliminated Week 10,6,True,168862.18855025969
Alix Earle,34,8.0,9.625,38.5,4,False,3.0,3.0,12.769485903814262,2nd Place,2,True,162007.76682660534
Andy Richter,34,8.0,8.5,34.0,4,False,8.0,8.0,11.276948590381426,Eliminated Week 9,7,True,36873.18437438191
Danielle Fishel,34,8.0,9.25,37.0,4,False,7.0,7.0,12.271973466003317,Eliminated Week 8,8,True,64581.99363499702
Dylan Efron,34,8.0,9.5,38.0,4,False,4.0,4.0,12.603648424543948,4th Place,4,True,126782.55517254076
Elaine Hendrix,34,8.0,9.375,37.5,4,False,6.0,6.0,12.437810945273633,5th Place,5,True,90229.4694444073
Jordan Chiles,34,8.0,9.75,39.0,4,False,2.0,2.0,12.935323383084576,3rd Place,3,True,185011.39473222315
Robert Irwin,34,8.0,9.5,38.0,4,False,4.0,4.0,12.603648424543948,1st Place,1,True,126782.25048483028
Whitney Leavitt,34,8.0,9.875,39.5,4,False,1.0,1.0,13.101160862354892,Eliminated Week 10,6,True,207731.3853300142
Alix Earle,34,9.0,10.0,40.0,4,False,4.0,4.0,14.814814814814811,2nd Place,2,True,144838.12866362033
Andy Richter,34,9.0,7.25,29.0,4,False,7.0,7.0,10.74074074074074,Eliminated Week 9,7,True,46528.01965037689
Dylan Efron,34,9.0,10.5,42.0,4,False,1.0,1.0,15.555555555555555,4th Place,4,True,204428.3270148832
Elaine Hendrix,34,9.0,9.0,36.0,4,False,6.0,6.0,13.333333333333334,5th Place,5,True,81492.5165800837
Jordan Chiles,34,9.0,9.75,39.0,4,False,5.0,5.0,14.444444444444445,3rd Place,3,True,113856.1413238374
Robert Irwin,34,9.0,10.5,42.0,4,False,1.0,1.0,15.555555555555555,1st Place,1,True,204428.2690222226
Whitney Leavitt,34,9.0,10.5,42.0,4,False,1.0,1.0,15.555555555555555,Eliminated Week 10,6,True,204428.59774497597
Alix Earle,34,10.0,9.666666666666666,29.0,3,False,2.0,2.0,16.86046511627907,2nd Place,2,True,208657.8515742188
Dylan Efron,34,10.0,9.166666666666666,27.5,3,False,6.0,6.0,15.988372093023257,4th Place,4,True,60685.40187713484
Elaine Hendrix,34,10.0,9.5,28.5,3,False,4.0,4.0,16.569767441860463,5th Place,5,True,127683.9553171928
Jordan Chiles,34,10.0,9.5,28.5,3,False,4.0,4.0,16.569767441860463,3rd Place,3,True,127683.22281332678
Robert Irwin,34,10.0,9.833333333333334,29.5,3,False,1.0,1.0,17.151162790697676,1st Place,1,True,266631.6916087033
Whitney Leavitt,34,10.0,9.666666666666666,29.0,3,False,2.0,2.0,16.86046511627907,Eliminated Week 10,6,True,208657.8768094235
Alix Earle,34,11.0,10.0,30.0,3,False,1.0,1.0,20.31609129238783,2nd Place,2,True,311326.27760645264
Dylan Efron,34,11.0,9.777733333333334,29.3332,3,False,4.0,4.0,19.86453230326236,4th Place,4,True,145024.87936634023
Elaine Hendrix,34,11.0,9.6666,28.9998,3,False,5.0,5.0,19.63875280869962,5th Place,5,True,82801.29224172705
Jordan Chiles,34,11.0,9.888866666666669,29.666600000000003,3,False,2.0,2.0,20.0903117978251,3rd Place,3,True,230423.26084595863
Robert Irwin,34,11.0,9.888866666666669,29.666600000000003,3,False,2.0,2.0,20.0903117978251,1st Place,1,True,230424.28993952135
